PV_Production,T2M,T2M_MAX,T2M_MIN,WS2M,PRECTOTCORR,RH2M,ALLSKY_KT,ALLSKY_SFC_SW_DNI,CLRSKY_SFC_SW_DNI,ALLSKY_SFC_SW_DIFF,CLRSKY_SFC_SW_DIFF,ALLSKY_SFC_SW_DWN,CLRSKY_SFC_SW_DWN,ALLSKY_SFC_LW_DWN,CLRSKY_SFC_LW_DWN,ALLSKY_SFC_LW_UP,CLRSKY_SFC_LW_UP
12.47,21.63,26.91,17.34,3.01,0.07,71.32,0.7,30.13,33.16,7.07,5.88,28.55,29.41,30.16,29.81,38.3,38.29
14.41,21.61,26.07,17.63,2.66,0.03,70.74,0.69,28.71,34.45,6.93,5.48,28.3,29.74,30.78,29.77,38.65,38.63
13.14,21.61,26.07,17.79,3.21,0.11,74.88,0.71,33.13,34.45,5.45,5.45,29.33,29.97,30.42,29.86,38.13,38.12
16.56,21.72,25.78,18.85,3.2,0.56,76.08,0.61,23.78,29.82,8.3,7.3,25.03,28.76,31.72,30.68,38.67,38.65
9.39,21.69,25.98,18.55,2.46,0.43,74.26,0.67,23.83,28.58,8.34,7.62,27.43,28.8,32.21,30.87,38.8,38.76
10.06,22.46,27.43,18.82,1.82,0.81,79.01,0.4,1.44,23.57,12.89,9.8,16.36,27.19,34.3,32.56,37.71,37.67
12.81,24.2,29.35,20.25,2.66,0.38,70.18,0.54,16.56,32.33,10.94,5.96,22.47,29.1,34.72,32.62,38.67,38.62
10.9,22.76,26.54,19.92,4.26,1.22,77.25,0.51,12.4,35.93,12.35,4.85,21.12,29.89,33.38,31.78,37.46,37.42
18.16,21.96,26.1,18.14,3.45,0.21,73.5,0.55,14.89,33.41,11.74,6.08,22.61,29.66,32.01,30.37,38.14,38.1
20.44,21.81,26.13,18.79,2.95,0.22,70.98,0.6,21.77,31.81,8.97,6.51,24.98,29.45,32.13,30.57,38.51,38.47
15.71,22.21,26.77,18.74,2.72,0.15,71.26,0.72,34.75,34.22,4.87,5.61,29.8,29.92,30.21,30.16,39.44,39.44
17.26,21.92,26.13,18.75,2.88,0.09,70.46,0.71,34.38,35.03,5.14,5.32,29.49,29.95,30.24,30.12,38.94,38.94
12.86,21.93,26.13,19.06,3.66,0.25,70.5,0.61,25.2,37.38,8.1,4.17,25.06,30.32,31.77,30.01,37.14,37.09
19.26,22.24,27.13,18.78,4.27,0.2,69.47,0.73,37.42,38.65,4.06,3.95,30.28,30.71,30.36,30.02,38.83,38.82
20.86,23.96,29.79,19.1,3.08,0.02,71.21,0.73,36.75,36.82,4.36,4.62,30.23,30.41,30.81,30.73,39.51,39.51
17.63,25.2,30.98,20.54,2.47,0.01,72.68,0.71,33.39,32.74,5.28,6.08,29.51,29.6,31.86,31.74,40.88,40.88
22.68,24.97,30.68,20.73,3.52,0.03,73.28,0.7,30.37,30.95,6.29,6.71,28.94,29.23,32.5,32.24,40.33,40.32
19.75,23.46,27.75,20.55,3.8,0.02,71.92,0.67,27.44,33.88,7.69,5.45,27.88,29.66,32.34,31.51,40.03,40.01
15.95,23.16,27.8,19.55,3.36,0.02,69.2,0.72,34.94,34.78,4.73,5.26,29.75,29.91,31.09,30.87,39.75,39.74
17.11,22.93,26.57,20.07,3.19,0.16,67.83,0.63,26.5,32.35,7.97,6.27,25.95,29.3,32,30.93,38.92,38.89
18.19,23.1,27.81,19.2,2.91,0.03,66.5,0.69,30.26,31.73,6.24,6.43,28.62,29.24,31.29,30.93,39.88,39.87
19.31,23.41,28.17,19.26,4.27,0.03,70.06,0.71,33.78,33.38,5.15,5.72,29.51,29.59,31.39,31.33,39.64,39.64
22.72,25.87,32.53,20.23,2.51,0.05,65.26,0.71,32.13,31.26,5.57,6.46,29.31,29.34,32.9,32.87,40.5,40.5
23.75,27.63,35.99,21.39,2.63,0.01,59.61,0.69,25.59,26.94,8.53,9.25,28.66,29.26,33.25,32.8,41.03,41.02
19.61,28.84,37.1,22.29,2.16,0,61.9,0.71,30,29.91,6.75,7.7,29.37,29.62,33.82,33.45,41.75,41.74
28.05,32.02,42.01,25.09,3.71,0,41.53,0.73,33.54,32.98,5.64,6.41,30.08,30.17,33.78,33.37,42.25,42.25
30.94,28.8,35.23,23.04,3.15,0,53.48,0.73,33.7,33.19,5.59,6.28,30.11,30.2,32.2,32.09,42.06,42.06
26.06,25.15,30.56,21.19,2.34,0.01,73.9,0.65,23.43,27.29,8.62,8.57,26.64,28.63,32.28,31.18,40.58,40.55
28.49,25.32,30.8,21.25,2.77,0.01,74.53,0.59,15.75,19.66,10.77,11.32,24.17,26.26,33.36,31.89,39.86,39.83
21.44,23.49,27.57,20.11,3.31,0,70.02,0.68,24.93,26.8,8.68,8.84,28.18,28.84,31.17,30.46,39.57,39.55
10.54,24.56,30.77,19.67,2.49,0,68.95,0.72,32.58,32.33,5.8,6.34,29.54,29.65,30.96,30.68,39.97,39.97
9.37,25.48,31.13,20.79,2.68,0.01,72.21,0.69,27.53,30.62,8.21,7.19,28.53,29.46,32.53,31.63,40.44,40.42
9.45,24.79,30.26,20.72,2.6,0.01,74.73,0.66,24.25,31.48,8.75,7.04,27.27,29.89,32.98,31.18,41.35,41.31
9.22,25.21,30.82,20.11,2.67,0,70.68,0.71,32.16,35.1,6.01,5.46,29.18,30.31,32.13,31.12,40.28,40.26
9.4,25.42,30.67,21.21,2.94,0.01,67.37,0.72,34.08,33.97,5.18,5.73,29.69,29.98,31.43,31.04,40.74,40.74
9.32,24.51,30.17,20.05,2.87,0.01,66.52,0.73,33.45,32.83,5.51,6.27,29.82,29.86,30.89,30.77,40.4,40.4
28.92,23.77,28.33,20.45,3.6,0.01,66.09,0.7,26.69,34.66,8.94,5.49,28.6,30.25,31.56,30.39,39.79,39.76
27.74,23.35,27.69,19.48,3.74,0,67.95,0.71,30.56,32.54,6.78,6.22,29.14,29.7,31.04,30.65,39.45,39.44
25.51,24.29,29.44,19.6,3.57,0.01,68.69,0.7,27.32,27.18,7.88,8.8,28.65,28.76,31.85,31.71,39.87,39.86
22.99,26.11,32.5,20.67,2.29,0.02,68.54,0.68,22.16,22.39,9.77,11.01,27.66,28.02,33.09,32.73,40.44,40.43
26.43,26.27,32.92,21.16,2.7,0.02,66.91,0.68,21.62,24.16,10.11,10.17,27.55,28.34,33.38,32.65,39.87,39.85
26.28,25.69,32.09,21,2.75,0,66.39,0.7,24.39,24.5,8.89,10.08,28.34,28.52,32.2,31.82,40.55,40.54
22.9,25.75,32.03,20.56,2.12,0.01,67.55,0.72,28.22,28,7.72,8.6,29.19,29.26,31.28,31.17,40.78,40.78
24.46,25,31.04,20.01,2.99,0.02,69.85,0.73,32.63,32.03,5.94,6.9,29.83,29.89,30.79,30.68,40.21,40.21
18.62,23.55,27.75,20.42,3.66,0.05,74.67,0.64,24.21,34.05,8.14,5.53,25.83,29.69,32.77,31.02,39.12,39.08
16.32,23.71,28.45,20.36,4.22,0.02,66.25,0.7,28.67,30.44,7.33,7.01,28.46,29.02,31.96,31.27,39.38,39.36
21.63,24.96,31.27,19.52,2.63,0.03,64.57,0.65,19.39,24.99,11.15,9.61,26.17,28.06,33.12,31.96,40.38,40.35
16.63,28.01,33.84,23.67,2.33,0.32,60.07,0.51,9.6,19.7,11.81,11.61,20.71,26.36,36.85,35.34,40.01,39.97
26.13,26.98,32.02,23,3.07,0,64.73,0.67,23.61,25.19,8.56,8.6,26.96,27.44,35.09,34.84,41.55,41.55
11.84,24.33,28.48,21.31,3.55,0.01,69.26,0.68,24.56,26.26,8.45,8.46,27.21,27.86,32.95,32.68,39.98,39.97
9.32,23.8,28.27,20.52,3.95,0,67.97,0.68,24.11,28.78,8.35,7.52,27.15,28.56,31.93,31.09,39.37,39.35
9.09,23.52,27.66,20.43,4.08,0.03,67.38,0.66,21.81,27.09,9.35,8.2,26.34,28.09,32.09,31.33,39.35,39.33
11.34,23.35,27.43,19.93,3.3,0.01,68.99,0.65,19.06,22.94,10.49,10.05,25.94,27.34,32.51,31.57,40.05,40.03
9.22,23.05,27.13,19.67,3.18,0.02,72.2,0.68,23.42,26.91,9.18,8.45,27.34,28.21,31.88,30.98,39.45,39.43
9.38,22.87,26.89,19.86,3.35,0.01,70.59,0.68,27.86,34.65,7.86,5.18,27.3,29.43,31.69,30.35,39.81,39.78
25.41,22.35,27.19,18.58,3.08,0,70.27,0.73,34.02,35.42,5.2,4.81,29.09,29.45,30.84,29.95,38.88,38.86
15.95,22.54,26.92,19.27,3.44,0.01,68.94,0.66,24.29,36.32,8.17,4.24,26.01,29.57,33.33,30.05,38.98,38.91
24.36,23.43,28.16,19.8,3.77,0.01,69.11,0.71,28.88,29.65,6.72,6.9,28.09,28.33,31.85,30.9,39.93,39.91
28.73,24.49,29.96,19.61,2.8,0.01,73.98,0.7,27.4,27.31,7.19,8.09,27.65,27.75,31.83,31.74,40.35,40.35
24.35,25.24,30.77,21.08,2.42,0.01,74.07,0.69,25.05,27.63,8.34,7.82,27.11,27.89,32.59,32.13,40.39,40.38
27.3,24.72,30.74,20.17,2.84,0,67.85,0.73,33.26,32.68,5.18,5.93,28.73,28.77,31.24,31.11,39.7,39.7
17.35,22.87,27.94,19.04,2.99,0.01,75.64,0.66,21.78,29.82,9.46,7.15,25.82,28.59,31.66,30.18,39.87,39.84
19.29,23.44,28.99,19.16,2.99,0.02,78.02,0.57,20.87,32.75,8.01,5.62,22.13,28.57,33.07,30.91,41.04,40.99
17.11,23.49,28.27,20.15,3.29,0.02,75.44,0.66,28.03,35.56,6.93,4.31,25.65,28.7,32.47,31.01,39.72,39.68
20.66,24.23,29.92,19.41,2.93,0,66.77,0.73,33.91,33.74,4.61,5.04,28.42,28.54,31.12,30.88,39.41,39.4
19.63,26.63,34.32,20.65,2.81,0.01,71.01,0.71,29.55,29.77,6.13,6.61,27.69,27.86,32.81,32.67,40.19,40.18
25.06,27.59,35.3,21.64,2.43,0,64.7,0.65,18.2,21.88,10.4,10.09,25.16,26.36,34.24,33.54,40.38,40.37
18.05,27.18,33.71,22.07,2.11,0,58.88,0.6,14.37,19.14,10.88,11.03,23.25,25.52,35.24,33.97,40.71,40.68
15.33,26.47,31.03,22.06,2.29,0,66.73,0.45,5.49,15.49,11.13,12.43,17.47,24.43,36.71,34.19,41.66,41.6
15.61,26.58,31.33,23.03,3.14,3.06,69.13,0.47,7.43,13.7,10.42,13.13,18.13,23.89,36.82,34.52,40.6,40.55
22.47,26.62,33.1,22.4,3.16,0.62,69.84,0.62,14.39,20.16,11.48,10.44,23.76,25.52,34.95,33.75,39.98,39.95
20.62,29.79,37.54,25.39,3.46,0.56,53.09,0.54,9.15,19.24,11.71,10.86,20.61,25.19,36.65,34.97,41.01,40.97
26.22,29.03,35.42,24.13,3.43,1.43,55.71,0.69,23.08,22.99,8.32,9.44,26.1,26.21,33.82,33.6,41.78,41.78
25.91,27.69,34.63,23.36,3.62,0.34,64.69,0.69,24.2,24.46,7.82,8.73,26.29,26.5,33.34,32.8,41.22,41.21
19.2,25.14,29.95,21.83,3.21,0,70.45,0.69,24.15,24.41,7.75,8.6,25.97,26.2,32.62,32.16,40.9,40.89
25.64,24.43,29.71,20.74,2.84,0,71.05,0.72,29.05,28.76,6.08,6.75,26.94,27.04,31.19,31.1,40,40
15.16,23.97,29.08,20.38,2.51,0.02,73.62,0.71,27.84,29.55,6.64,6.63,26.54,26.99,31.41,30.83,39.32,39.31
21.75,23.98,29.14,19.98,2.56,0.01,69.7,0.71,27.42,27.14,6.45,7.33,26.47,26.57,30.93,30.77,39.3,39.29
19.8,24.33,29.64,19.69,2.95,0,70.88,0.69,23.57,23.43,7.72,8.77,25.56,25.66,31.64,31.5,39.59,39.59
19.36,25.89,31.91,21.1,3.45,0.01,69.35,0.68,22.45,22.93,7.99,8.86,25.13,25.39,32.58,32.27,40.22,40.22
18.66,27.55,34.26,22.26,3.01,0.01,63.19,0.6,15.35,24.48,10.55,7.94,22.06,25.49,34.23,33.21,40.96,40.94
22.28,29.88,37.39,23.41,2.72,0,52.18,0.71,28.39,28.71,5.82,6.23,25.94,26.21,33.49,33.31,42.13,42.13
21.09,29.25,35.85,24.44,1.83,0,51.73,0.71,29.81,30.04,5.16,5.43,25.97,26.11,33.68,33.46,41.59,41.59
18.79,29.67,36.66,25.08,1.89,0.01,54.12,0.67,23.87,26.35,7.05,6.95,24.57,25.44,34.56,33.82,41.82,41.8
24.19,30.89,38.26,25.89,2.14,0.01,45.92,0.67,23.15,25.81,7.51,7.26,24.27,25.35,34.69,33.82,42.67,42.65
23.45,31.05,37.38,25.95,2.01,0.02,46.7,0.7,28.4,28.21,5.51,6.13,25.42,25.54,34.22,33.98,42.69,42.69
19.18,27.85,33.25,24.45,2.65,0.01,59.24,0.48,6.28,25.09,11.43,7.28,17.38,24.67,35.46,33.52,41.92,41.88
18.18,24.13,28.31,20.06,5.06,0,60.77,0.72,31.83,31.99,4.48,4.76,25.99,26.11,30.78,30.56,38.96,38.95
17.4,24.06,30.86,18.83,3.42,0,62.65,0.75,35.95,36.38,3.31,3.38,26.66,26.82,29.7,29.45,38.55,38.55
21.6,24.25,30.83,19.63,3.19,0.42,71.51,0.74,34.77,34.36,3.5,3.9,26.14,26.18,30.47,30.42,38.88,38.87
22.56,23.18,28.17,19.65,3.09,0.48,75.36,0.74,35.11,35.92,3.53,3.1,26.1,26.29,30.65,30.29,39.21,39.2
23.75,23.2,28.8,19.38,2.16,0.34,70.69,0.74,34.03,34.01,3.64,3.95,25.93,26.03,30.09,29.81,38.97,38.96
22.29,22.86,28.08,19.02,3.62,0.39,75.62,0.66,21.39,31.08,8.3,5.01,22.99,25.45,31.86,30.02,38.94,38.9
12.51,22.23,25.69,20.25,2.89,3.88,72.53,0.42,5.34,30.86,10.51,4.79,14.69,25.09,32.89,30.58,37.23,37.18
13.91,22.35,26.65,18.95,3.22,0.19,68.78,0.49,15.69,31.33,8.21,4.77,17.19,24.95,32.27,30.61,37.24,37.2
15.61,22.78,28.25,18.4,3.81,0.03,69.13,0.72,33.19,34.75,3.5,3.31,24.8,25.26,30.82,30.48,38.54,38.53
13.07,22.83,27.24,20.39,1.94,0.03,73.42,0.49,8.4,31.23,10.56,4.4,16.85,24.49,32.4,31.15,40.55,40.53
13.48,24.01,28.13,20.51,2.96,0.01,74.67,0.6,15.03,29.22,11.01,4.93,20.51,24.04,32.81,31.89,41.49,41.47
23.75,24.24,29.61,20.57,2.45,0.02,75.56,0.62,17.19,27.79,9.97,5.43,20.92,23.78,32.81,31.94,39.15,39.13
24.01,24.45,29.97,20.59,2.72,0,73.4,0.7,27.81,27.42,4.77,5.45,23.53,23.61,32.42,32.19,39.61,39.61
19.11,23.9,29.18,20.26,2.39,0,73.87,0.69,26.14,27.62,5.57,5.44,23.21,23.65,32.13,31.93,39.57,39.56
23.75,23.61,28.29,20.97,2.69,0.01,76.47,0.69,28.4,28.96,4.69,4.9,23.25,23.61,32.27,32.05,39.12,39.11
16.5,23.48,28.3,20.44,2.68,0,73.41,0.69,28.55,30.48,4.84,4.36,22.99,23.74,31.81,31.37,39.25,39.24
15.43,23.37,27.68,20.75,3.31,0.01,72.33,0.67,26.63,30.36,5.47,4.3,22.07,23.52,32.12,31.39,38.83,38.81
16.35,23.35,27.86,20.22,3.05,0.03,71.33,0.71,29.49,29.63,4.18,4.45,23.23,23.37,31.64,31.45,39.22,39.22
11.57,23.38,27.83,20.51,2.34,0.07,74.49,0.63,18.47,24.74,8.43,6.32,20.77,22.32,32.23,31.81,39.24,39.23
14.74,23.7,28.49,20.75,3.3,0.16,75.43,0.68,26.98,29.24,5.02,4.55,22.26,22.98,32.15,31.65,39.05,39.03
16.2,23.23,27.79,20.15,3.14,0.1,74.13,0.65,24.4,30.66,6.55,4.04,20.94,23.01,32.04,31.26,38.52,38.5
7.79,22.21,25.19,19.93,3.34,0.38,75.16,0.33,3.89,27.32,7.86,5.17,10.7,22.33,34.12,31.43,39.04,38.97
13.94,22.09,26.66,19.1,2.92,0.03,67.42,0.65,23.03,28.16,6.25,4.97,20.74,22.65,31.82,30.3,37.88,37.85
12.35,22.66,27.35,19.44,3.43,0.02,70.9,0.68,24.48,24.66,5.63,6.13,21.75,22.01,30.93,30.65,38.38,38.37
12.06,21.6,26.44,18.09,2.44,0,69,0.72,30.67,31.06,3.79,3.92,22.72,22.91,29.56,29.31,37.8,37.8
9.79,22.15,26.82,19.07,2.37,0.02,71.19,0.71,30.19,32.17,3.85,3.47,22.12,22.8,30.18,29.78,38.13,38.12
8.72,21.29,25.67,18.34,3.28,0.25,76.18,0.42,8.58,32.6,8.54,3.06,12.96,22.38,32.43,30.56,37.29,37.24
13.18,21.57,26.67,17.49,3.66,0,65.05,0.73,33.11,33.06,2.81,2.99,22.48,22.54,29.67,29.49,37.78,37.78
13.62,22.84,28.45,18.83,1.87,0,74.46,0.71,29.31,29.01,3.84,4.24,21.79,21.87,30.57,30.41,38.15,38.14
9.17,23.1,29,19.31,1.99,0.01,78.55,0.68,25.12,26.2,4.97,5.21,20.9,21.41,31.16,30.78,38.69,38.68
8.7,22.98,28.27,19.69,2.23,0.01,81.38,0.67,24.46,28.26,5.02,4.43,20.32,21.55,32.15,30.88,39.3,39.27
8.99,23.53,28.21,20.2,2.32,0.01,80.68,0.54,16.56,27.14,6.44,4.61,16.33,21.04,33.21,31.73,39.05,39.02
6.39,24.51,30.95,20.25,1.93,0.1,73.89,0.68,26.15,27.65,4.67,4.45,20.44,21.12,32.18,31.52,38.89,38.88
5.67,26.39,33.38,21.19,1.51,0.03,55.32,0.64,21.22,26.88,6.44,4.86,18.92,21.06,32.47,31.34,39.6,39.58
5.83,27.07,35.32,21.57,1.84,0,43.52,0.7,24.69,26.65,5.41,5.06,20.61,21.1,31.4,30.84,39.01,39
11.67,26.54,33.75,22.54,1.77,0.02,46.78,0.69,23.61,26.04,5.74,5.11,20.09,20.78,31.43,30.67,38.69,38.68
18.41,25.78,32.19,22.08,1.5,0.07,62.37,0.62,15.58,26.7,8.53,4.67,17.96,20.59,32.34,30.72,38.6,38.56
9.83,25.68,32.91,21.44,2.01,0.04,64.62,0.7,26.33,27.84,4.45,4.26,20.25,20.58,31.53,30.69,38.96,38.94
14.42,25.66,31.96,21.98,1.84,0.1,62.52,0.65,19.88,29.34,7.68,3.8,18.66,20.69,31.62,30.53,38.71,38.69
15.21,24.95,30.91,20.67,1.44,0.04,68.67,0.61,16.47,26.66,7.84,4.42,17.25,19.93,31.98,30.8,38.8,38.78
10.23,25.43,30.53,22.66,0.99,0.03,62.78,0.59,14.17,22.92,8,5.37,16.59,18.93,32.68,31.57,38.77,38.75
17.06,27.39,35.94,23.13,1.74,0.01,49.97,0.61,15.93,23.56,7.77,5.03,17.15,18.88,32.54,31.6,40.13,40.11
15.32,26.27,32.14,22.23,1.84,0.01,52.16,0.64,19.95,25.3,6.36,4.6,17.9,19.19,31.69,30.65,39.5,39.48
11.53,26,32.04,22.06,1.6,0.02,52.16,0.68,24.88,28.12,4.69,3.82,18.66,19.69,30.98,30.07,38.37,38.35
10.96,23.98,29.85,20.28,1.79,0.03,66.79,0.66,20.91,25.91,6.09,4.39,18.02,19.14,30.73,29.89,38.09,38.07
9.94,23.58,29.94,20.33,1.69,0.15,74.7,0.68,23.57,25.03,5,4.69,18.61,18.94,30.65,29.94,38.3,38.28
14.66,24.28,31.43,19.22,1.98,0.02,62.7,0.7,26.49,26.52,3.84,4.13,18.93,19.01,30.33,30.03,38.27,38.26
12.6,23.42,27.7,20.18,1.85,0.03,59.11,0.65,17.42,25.23,7.63,4.57,17.29,18.76,30.33,29.42,37.95,37.93
13.2,23.84,29.02,20.35,2.9,0.03,58.45,0.6,16.64,23.6,6.09,4.71,16.03,18.02,32.33,30.79,37.9,37.87
13.7,23.96,30.48,19.76,1.71,0.03,59.9,0.54,9.64,23.11,8.31,4.83,14.29,17.72,33.6,31.07,39.04,38.98
11.86,23.71,28.29,20.23,2.38,0.2,66.39,0.62,16.48,21.97,7.39,5.13,16.12,17.4,32.37,31.65,38.12,38.1
16.18,24.63,29.95,21.84,4.78,0.1,61.22,0.66,21.66,23.5,5.09,4.68,17.18,17.63,32.27,31.68,38.43,38.42
10.31,22.63,27.07,19.98,3.72,0.72,77.43,0.68,25.15,29.52,4.01,2.85,17.52,18.27,31.3,30.76,37.32,37.31
10.2,21.42,25.32,18.62,7.71,19.36,78.06,0.67,25.27,29.08,4.1,2.93,17.08,17.99,31.66,30.5,37.14,37.11
11.56,20.82,23.49,18.7,4.22,4.72,69.09,0.66,25.53,31.8,4.2,2.14,16.83,18.39,30.5,29.37,36.7,36.67
15.42,20.18,24.32,17.49,1.82,0.04,67.01,0.65,20.44,27.82,5.72,3.06,16.35,17.7,30.04,28.84,36.5,36.48
6.05,20.95,25.38,17.36,7.4,2.57,72.34,0.53,12.92,29.71,6.45,2.5,13.08,17.61,32.37,30.23,35.57,35.52
7.71,19,22.64,15.79,3.53,6.63,82.11,0.34,5.58,28.73,5.71,2.83,8.3,17.4,31.51,29.11,35.21,35.16
14.26,18.83,23.21,15.56,2.2,0.1,70.67,0.69,27.74,30.75,2.99,2.28,16.98,17.68,28.52,27.92,35.78,35.77
12.59,19.47,24.04,14.81,1.95,0.37,77.57,0.71,29.78,29.89,2.25,2.33,17.18,17.28,29.33,29.1,36.45,36.45
14.58,20.67,24.73,18.53,1.99,0.82,82.58,0.7,28.05,29.67,2.7,2.36,16.92,17.15,30.36,30.08,36.52,36.51
5.51,20.22,22.48,18.33,2.6,3.28,85.36,0.3,3.47,26.22,5.41,3.18,7.18,16.38,32.26,30.45,35.95,35.91
12.56,19.57,23.45,17.15,1.99,0.88,72.27,0.63,19.01,27.63,5.25,2.94,14.89,16.72,30.3,28.54,35.93,35.89
11.84,19.16,23.98,16.6,2.77,0.37,73.78,0.58,13.1,26.89,6.71,3.02,13.6,16.5,29.97,28.29,36.57,36.53
8.7,19.69,23.07,17.04,3.55,1.03,79.88,0.54,15.34,25.79,5.45,3.12,12.54,15.89,32.07,30.18,36.53,36.48
7.83,20.46,26.18,17.99,2.75,0.13,75.94,0.4,3.97,18.65,6.85,5.27,9.3,14.98,32.65,30.08,38.17,38.11
9.61,20.03,25.03,17.3,1.93,0.09,76.07,0.65,21.51,24.41,4.05,3.5,14.85,15.67,30.45,29.72,36.63,36.61
12.38,20.02,24.23,16.62,3.11,1.46,81.68,0.7,28.69,29.83,2.37,2.13,15.88,16.18,29.47,29.27,36.38,36.38
9.1,19.41,22.29,16.72,2.71,1.74,73.79,0.6,19.77,29.46,4.67,2.12,13.51,15.97,30.24,28.8,35.43,35.39
13.29,18.46,23.04,15,1.88,0.19,77.09,0.71,28.83,30.2,2.22,2.05,15.94,16.11,28.66,28.01,35.78,35.76
4.31,18.97,21.75,16.84,2.78,2.38,77.39,0.3,6.17,29.16,4.57,2.02,6.63,15.56,31.58,29.01,37.19,37.13
11.88,17.67,20.4,15.42,4.03,0.62,74.19,0.55,17.53,30.47,4.53,1.81,12.03,15.72,29.85,27.78,35.58,35.53
8.91,16.38,20.32,14,5.16,0.01,66.51,0.73,30.31,31.9,1.88,1.7,15.88,16.1,26.58,25.76,34.55,34.53
11.48,16.2,21.71,11.88,3.79,0,63.64,0.71,26.16,30.23,2.93,2.02,15.3,15.81,26.88,25.45,34.64,34.61
10.36,17.89,23.34,13.98,2.24,0,75.76,0.7,27.86,28.86,2.04,2,14.95,15.09,28.51,27.95,34.97,34.96
9.92,19.47,24.33,16.23,1.9,0.01,83.31,0.65,24.68,28.83,2.95,1.83,13.75,14.75,30.29,29.8,36.27,36.26
10.27,19.63,25.07,16.18,2.53,0,82.86,0.6,22.01,29.47,3.16,1.79,12.72,14.87,30.68,29.6,36.14,36.11
11.53,19.54,25.14,15.67,3.71,0,78.14,0.65,20.53,29.78,4.49,1.77,13.71,14.91,29.6,28.71,36.44,36.42
9.73,20.3,26.12,17.22,1.71,0,69.68,0.54,9.31,27.67,7.26,2.23,11.22,14.61,29.94,28.46,36.05,36.02
11.02,20.72,27.82,16.66,1.69,0.02,64.96,0.69,25.65,25.94,2.58,2.67,14.29,14.4,28.57,28.2,36.28,36.27
10.37,20.41,25.88,16.91,1.43,0.07,76.35,0.65,22.9,27.02,3.37,2.38,13.34,14.4,29.41,28.23,36.02,35.99
10.8,18.56,23.5,15.47,1.73,0.04,87.13,0.63,21.46,27.31,3.66,2.32,12.89,14.39,29.12,27.43,35.71,35.67
12.21,19.13,25.84,15.27,1.87,0.02,77.27,0.64,21.84,26.57,3.56,2.5,13.01,14.23,28.65,27.38,35.57,35.54
11.12,19.32,25.43,16.04,1.56,0.01,72.31,0.63,20.01,25.58,3.89,2.61,12.71,13.92,29.57,27.53,35.54,35.5
10.69,19.26,26.1,14.61,2.14,0.04,70.58,0.69,24.52,26.37,2.75,2.48,13.65,14.03,28.89,27.24,35.69,35.65
7.91,18.15,24.14,14.14,2.41,0.04,76.9,0.68,24.26,26.28,2.87,2.46,13.4,13.88,27.86,26.87,35.34,35.32
7.83,18.09,22.04,16.04,1.92,0.11,83.29,0.63,19.29,28.04,4.28,2.05,12.46,13.95,29.54,27.42,35.33,35.28
8.16,16.96,20.68,13.64,2.31,0.01,69.58,0.65,24.27,30.06,3.06,1.62,12.77,14.02,27.98,26.45,34.89,34.85
14.96,16.11,21.92,12.74,2.24,0,64.3,0.71,28.12,29.73,1.79,1.68,13.77,13.93,26.82,25.54,34.64,34.61
13.42,15.3,20.61,11.33,1.92,0,63.91,0.71,27.26,28.19,2.02,1.94,13.69,13.84,26.3,25.04,34.21,34.18
10.75,15.89,18.61,13.69,0.84,0,63.4,0.6,15.59,26.39,4.97,2.15,11.47,13.33,27.31,25.92,33.96,33.92
11.35,15.58,20.32,12.06,1.39,0,65.77,0.69,25.38,26.49,2.27,2.14,13.11,13.33,26.96,25.89,33.96,33.93
10.3,16.41,21.24,12.45,1.52,0.01,71.52,0.68,24.45,25.62,2.35,2.28,12.89,13.09,27.58,26.65,34.6,34.58
11.6,16.39,21.24,13.47,2.24,0.04,79.04,0.65,21.71,25.02,3.23,2.37,12.17,12.9,27.99,27,34.37,34.35
11.55,15.9,21.03,11.93,2.33,0.22,84.07,0.64,22.75,26.35,2.55,1.93,11.9,12.84,28.58,27.69,34.61,34.58
8.26,15.58,18.71,13.27,3.05,0.17,79.07,0.41,3.04,24.61,5.9,2.41,7.65,12.73,28.71,26.94,35.8,35.76
4.32,16.16,18.57,13.35,4.3,11.6,69.82,0.2,1.68,21.99,2.89,2.85,3.68,12.18,29.99,26.97,34.07,33.99
10.97,15.89,19.5,12.78,2.01,0.41,67.89,0.53,15.99,28.35,3.84,1.6,9.82,13.07,28.06,26.15,33.44,33.4
15.16,14.82,19.94,11.22,3.01,0,68.07,0.69,25.41,26.78,2.07,1.92,12.66,12.83,26.48,25.43,34.02,34
9.26,15.89,21.24,13.24,1.35,0,68.7,0.7,25.59,27.32,2.1,1.87,12.66,12.92,27.05,25.7,33.76,33.73
4.23,16.14,20.12,12.7,4.02,2.21,73.19,0.3,0.06,18.71,4.68,3.84,5.41,11.58,29.99,27.1,33.53,33.47
5.79,17.2,20.16,15.6,4.97,7.27,88.25,0.34,6.44,23.19,4.09,2.66,6.16,12.14,30.9,28.46,34.36,34.29
9.23,16.88,20.57,14.7,1.88,0.09,86.55,0.49,8.79,24.94,5.9,2.03,8.86,12.11,29.65,28.2,34.3,34.27
12.01,17.38,22.34,14.02,1.51,0.08,83.51,0.64,21.79,24.78,2.96,2.12,11.46,12.29,28.48,27.87,34.35,34.34
9.63,18.36,25.16,14.27,3.14,0.01,75.79,0.56,10.72,26.02,6.66,1.84,10,12.24,29.38,28.54,34.64,34.62
13.09,19.58,27,15.07,2.45,0,69.71,0.68,24.46,25.27,2.05,2.01,12.1,12.2,28.88,28.49,35.36,35.35
11.41,19.05,24.98,15.16,2.13,0,67.12,0.61,15.14,23.27,5.04,2.49,10.77,11.92,28.84,28.11,34.83,34.82
9.43,18.03,23.37,15,2.27,0.07,78.01,0.57,13.6,22.47,4.61,2.69,10.02,11.86,28.87,27.67,34.81,34.78
9.05,16.67,21.28,13.39,2.78,0.62,85.16,0.59,16.05,22.23,3.63,2.67,10.35,11.78,28.82,27.52,34.43,34.4
11.79,15,19.03,11.71,4.21,0,67.56,0.71,26.33,29.23,2.04,1.47,12.49,12.85,26.06,25.06,33.75,33.73
14.52,14.16,19.86,9.64,2.01,0,62.71,0.71,26.29,28.91,2.07,1.62,12.48,12.87,26.06,24.12,33.73,33.69
11.66,16.44,23.79,11.85,2.57,0,57.49,0.71,24.79,26.95,2.25,1.97,12.43,12.65,26.53,25.2,34.07,34.04
12.24,14.74,20.33,10.25,2.26,0.02,68.52,0.72,27.59,29.59,1.71,1.58,12.62,12.8,26.06,24.37,33.86,33.82
8.86,13.29,19.96,8.09,3.82,0,65.03,0.72,27.83,29.7,1.65,1.58,12.67,12.84,25.46,23.9,33.81,33.77
12.13,13.27,19.2,9.98,2.21,0,67.25,0.71,27.26,29.43,1.73,1.55,12.47,12.68,25.69,24.23,33.62,33.59
10.08,13.75,18.04,10.92,1.72,1.02,75.73,0.64,21.96,28.56,2.84,1.63,11.2,12.54,27.44,25.18,33.74,33.68
10.4,14.15,18.38,11.95,2.11,1.96,78.86,0.57,17.1,26.59,3.72,1.84,10,12.17,27.74,25.92,33.34,33.3
11.57,13.87,19.77,9.81,1.53,0,71.35,0.69,24.6,26.64,2.22,1.93,12.11,12.34,25.75,24.77,33.07,33.04
14.51,13.32,19.15,9.01,1.95,0.02,74.05,0.68,24.28,27.36,2.28,1.9,11.91,12.52,25.87,24.46,33.59,33.56
9.62,13.41,20.29,9.3,1.91,0.02,65.66,0.7,24.6,26.22,2.3,2.17,12.28,12.49,25.72,24.18,33.16,33.13
13.65,13.91,19.09,10.53,1.69,0.06,80.2,0.66,22.07,24.9,2.68,2.28,11.6,12.22,26.73,25.09,32.87,32.83
8.01,14.19,17.88,11.18,2.51,0.16,83.79,0.58,15.65,22.8,3.91,2.67,10.12,11.92,27.94,25.74,33.28,33.23
12.61,13.77,19.18,10.53,2.3,0,78.79,0.66,21.78,24.77,2.86,2.33,11.66,12.25,26.79,25.04,33.66,33.62
9.6,14.87,21.19,10.43,1.51,0,60.64,0.52,8.03,24.46,6.03,2.48,9.09,12.34,27.56,24.66,33.33,33.27
11.83,15.79,21.87,10.69,2.63,0,55.9,0.62,13.27,24.68,5.97,2.52,11.02,12.47,26.51,24.62,33.32,33.28
10.48,15.46,21.76,10.97,2.44,0,49.96,0.65,19.43,24.84,3.96,2.41,11.51,12.37,26.65,25.02,33.6,33.56
9.99,14.4,20.31,10.79,1.82,0,53.9,0.52,6.86,22.01,6.2,2.98,9.29,11.98,27.58,24.89,33.76,33.7
11.26,16.13,22.28,12.51,1.8,0.02,65.53,0.68,23.03,23.88,2.44,2.5,12.01,12.23,27.83,26.04,33.2,33.15
9.34,16.65,22.09,12.47,2,0,49.73,0.66,18.46,25.52,4.39,2.31,11.71,12.55,27.03,25.54,34.33,34.29
11.51,16.16,22.71,12.01,2.57,0.01,62.38,0.69,23.82,24.55,2.38,2.4,12.3,12.42,26.9,26.2,34.25,34.24
8.91,16.2,21.52,12.25,3.72,3.81,79.18,0.49,10.96,23.37,4.52,2.5,8.8,12.03,29.51,27.58,34.39,34.34
8.56,15.24,18.1,12.16,3.62,1.87,75.6,0.58,20.98,28.83,2.93,1.61,10.39,12.9,27.32,26.02,33.07,33.04
6.35,13.09,16.82,10.27,2.71,0,70.81,0.49,7.08,29.2,6.02,1.65,8.89,13.01,26.36,24.21,32.7,32.65
12.61,13.04,20.21,8.43,2.32,0,66.2,0.72,27.74,29.56,1.91,1.66,13.03,13.25,25.24,23.78,33.37,33.34
12.76,14.05,19.3,10.45,1.46,0,50.86,0.58,10.29,26.98,6.68,1.99,10.54,12.82,27.27,25.24,33.22,33.18
8.11,15.69,20.59,12.08,2.91,0.4,72.72,0.52,10.41,23.33,5.46,2.56,9.63,12.15,29.46,27.96,34.52,34.49
6.96,16.27,21.18,12.84,1.72,0.29,84.04,0.56,19.26,27.81,3.3,1.75,10.26,12.86,28.57,27.38,34.16,34.13
13.46,16.18,23.01,11.52,2.3,0.01,73.34,0.68,25.18,26.14,2.24,2.15,12.67,12.89,26.91,26.5,33.96,33.95
11.46,17.85,25.21,12.2,2.5,0,46.75,0.7,24.28,25.3,2.71,2.62,13.06,13.27,26.76,25.48,34.12,34.09
12.11,18.72,26.15,15.15,3.3,0,38.46,0.59,8.56,22.05,7.64,3.49,11.04,13.04,26.85,25.45,34.9,34.87
10.4,18.31,25.79,13.98,2.94,0,36.45,0.6,10.85,17.71,6.98,4.61,11.3,12.59,26.86,25.6,33.9,33.87
9.52,17.82,22.25,14.89,3.05,0,37.95,0.52,6.7,15.54,6.52,5.05,9.78,12.24,27.9,26.05,34.94,34.9
1.36,18.67,22.63,16.63,4.78,0.56,42.74,0.23,2.16,15.42,3.34,4.68,4.33,11.61,29.62,27.75,34.11,34.07
9.42,17.77,21.63,15.35,4.95,0.15,66.65,0.6,17.57,21.54,3.98,3.32,11.62,12.89,28.78,27.92,34.2,34.18
9.62,16.92,22.08,14.12,2.88,0.04,82.87,0.64,18.76,20.66,4.05,3.55,12.38,12.81,28.41,27.67,33.83,33.81
6.72,15.72,18.05,14.04,5.39,14.98,79.08,0.41,12.21,26.57,3.84,2.12,7.99,13.52,29.57,26.99,33.61,33.54
10.51,15.21,18.5,12.41,2.12,0.04,69.68,0.58,13.37,30.41,6,1.66,11.35,14.22,27.47,25.62,32.74,32.7
13.07,14.15,19.68,10.52,2.91,0.07,76.88,0.7,26.42,28.97,2.58,2.04,13.91,14.25,26.46,25.08,33.35,33.31
13.89,14.59,21.25,10.39,2.56,0.01,72.91,0.72,28.11,29.22,2.18,2.1,14.36,14.52,26.17,24.7,33.59,33.56
14.26,15.82,23.82,11.51,1.45,0,57.99,0.73,29.2,30.37,2.03,1.96,14.7,14.85,25.93,24.54,34.05,34.02
13.55,16.5,24.05,11.42,1.48,0,55.38,0.71,27.22,28.23,2.29,2.26,14.32,14.49,26.77,25.46,34.16,34.13
14.01,17.07,25.01,12.35,2.52,0,50.24,0.7,26.18,28.02,2.58,2.34,14.25,14.53,26.78,25.56,34.68,34.65
15.65,16.51,24.01,12.15,2.44,0,54.05,0.69,25.53,27.1,2.69,2.63,14.25,14.59,26.74,25.28,34.26,34.22
11.66,16.87,25.29,12.3,2.28,0,56.22,0.69,24.28,25.22,3.06,3.08,14.26,14.47,26.73,25.56,34.52,34.49
8.97,17.47,26.35,13.32,1.92,0,54.23,0.69,23.42,24.78,3.45,3.26,14.38,14.72,27.17,26.04,34.27,34.25
10.24,16.89,23.68,12.74,2.07,0,52.16,0.54,9.98,22.57,6.75,3.91,11.44,14.59,27.33,25.77,34,33.96
7.77,17.74,26.29,13.06,2.21,0,51.65,0.7,25.45,25.37,2.96,3.18,14.93,14.99,26.32,25.93,34.42,34.41
9.93,17.24,24.15,13.64,2.12,0.16,54.44,0.63,16.04,24.45,6.35,3.38,13.36,14.84,27,25.79,34.3,34.27
10.23,16.47,22.36,11.88,1.65,0.14,70.04,0.67,23.34,25.12,3.39,3.17,14.49,14.98,26.71,25.7,34.75,34.72
12.36,16.09,23.05,11.7,1.84,0.3,72.63,0.68,24.72,27.08,3.3,2.8,14.76,15.41,26.52,25.56,34.46,34.44
9.24,15.67,22.67,11.62,1.63,0.27,67.88,0.64,21.74,27.35,3.86,2.79,13.97,15.59,26.7,25.13,34.13,34.1
13.06,15.7,21.1,11.73,1.75,0,58.45,0.63,16.47,26.21,5.99,3.09,13.81,15.53,26.9,25.05,33.48,33.44
9.48,15.11,20.01,11.8,2.18,0.01,71.61,0.5,4.76,22.09,7.86,4.17,11.2,14.95,27.54,25.21,33.7,33.64
11.46,15.22,21.88,10.94,1.78,0.19,78.9,0.7,25.24,25.17,3.17,3.45,15.64,15.71,26.02,25.31,34.65,34.63
14.45,15.59,23.27,10.65,2.06,0.07,68.04,0.72,27.07,28.72,2.88,2.76,16.29,16.49,25.91,24.79,34.51,34.48
10.02,16.92,22.44,12.95,5.03,1.78,42.64,0.38,1.22,21.78,7.21,4.94,8.59,15.62,28.36,25.73,33.38,33.32
1.67,17.05,20.21,14.98,8.54,37.74,73.76,0.13,1.28,23.29,2.45,3.69,3.09,15.48,30.63,28.25,33.96,33.9
10.63,16.14,19.03,14.59,4.7,0.39,78.05,0.56,20.9,30.36,3.97,2.11,12.91,16.65,28.16,26.82,33.75,33.72
15.26,16.4,21.51,12.91,4.05,0.46,83.46,0.68,26.42,27.47,3.18,2.9,15.83,16.22,28.16,27.87,34.3,34.3
9.21,17.25,22.69,14.3,2.23,0.55,86.05,0.71,28.59,29.71,2.61,2.43,16.67,16.89,27.84,27.56,34.93,34.92
10.47,17.59,22.32,13.95,2.39,0.15,80.09,0.5,10.27,26.36,7.14,3.42,11.98,16.61,29.18,27.21,34.58,34.53
11.19,22.91,32.53,17.22,2.5,0,46.13,0.62,15.87,20.64,5.8,5.27,14.87,16.29,29.82,28.87,35.88,35.86
9.07,18.02,21.37,15.5,3.24,0.02,75.78,0.48,8.36,15.17,6.42,6.98,11.58,15.16,30.54,28.79,34.97,34.93
11.47,16.57,20.65,14.19,2.99,0,80.33,0.6,16.94,29.94,7.73,2.69,14.72,17.52,27.71,26.58,34.41,34.38
11.07,16,21.29,12.02,3.48,0,81.36,0.7,28.43,31.22,3.5,2.28,17.24,17.84,26.82,26.58,34.41,34.4
11.22,16.95,24.94,11.02,4.36,0,68.98,0.73,30.3,30.64,2.69,2.75,18.14,18.27,26.51,26.02,34.61,34.6
13.87,16.28,23.35,11.37,1.99,0,69.54,0.73,29.49,30.03,2.85,2.94,18.19,18.33,26.51,25.88,35.1,35.09
11.37,17,23.21,13.63,1.64,0.54,82.64,0.71,28.12,29.11,3.14,3.11,17.93,18.18,27.2,26.71,35.2,35.19
9.37,17.27,26.42,12.2,2.09,0.23,61.02,0.75,31.34,31.62,2.76,2.91,19.08,19.2,25.83,25.28,34.92,34.9
16.46,16.38,22.21,12.6,2.58,0.57,66.17,0.66,22.43,31.73,5.35,2.57,17.06,18.87,27.12,25.85,35,34.97
5.35,15.12,17.9,12.44,3.38,6.74,78.52,0.42,11.9,31.1,6.76,2.59,10.8,18.87,29.09,26.38,32.95,32.89
6.06,14.65,18.4,12.18,2.62,1.53,69.98,0.55,17.88,30.44,6.09,3.04,14.26,18.93,27.74,25.5,32.74,32.68
12.37,14.28,19.35,10.72,1.66,0.08,74.1,0.71,28.39,31.38,3.72,2.83,18.59,19.31,26.28,25.39,34.09,34.07
6.77,14.41,18.39,12.45,4.48,4.86,83.85,0.38,9.14,29.39,6.4,3.51,9.99,18.91,28.49,26.26,32.78,32.72
12.24,13.03,16,9.63,4.15,0.23,68.22,0.68,27.71,34.68,4.75,2.16,18.31,20.14,25.73,24.16,33.12,33.08
11.83,13.17,18.18,9.52,1.86,0,65.39,0.69,27.91,33.44,4.07,2.38,18.61,19.97,25.76,24.45,33.61,33.58
12.79,13.71,18.79,9.18,2.13,0.16,74.29,0.7,28.26,31.99,3.94,2.83,19.04,19.91,26.44,25.15,33.64,33.61
12.61,13.73,17.57,11,3.78,0.11,73.27,0.58,15.65,33.05,9.85,2.73,15.91,20.56,26.68,24.55,33.03,32.98
11.09,13.58,18.75,10.43,2.43,0.09,74.71,0.73,30.94,31.81,3.07,3.02,20.08,20.31,25.59,24.93,34,33.99
12.06,14.16,18.29,11.49,3.15,1.38,80.48,0.57,20.04,31.63,5.72,2.86,15.96,20.13,28.17,26.09,33.71,33.65
11.08,14.61,20.36,9.72,2.6,0.03,76.15,0.72,30.58,32.33,3.13,2.82,20.29,20.52,26.18,25.77,34.05,34.04
11.86,14.77,18.35,12.28,3.28,0.22,83.85,0.48,4.33,27.95,10.24,4.4,13.63,20.06,28.24,26.19,35.89,35.84
13.21,15.46,22.1,10.62,2.35,0.01,74.01,0.7,25.76,29.84,5.06,3.81,20.13,20.77,26.5,25.73,34.61,34.59
10.22,14.23,19.43,10.59,4.8,4.31,77.97,0.52,18.26,30.69,4.97,3.69,14.95,20.77,27.39,25.49,33.72,33.68
17.02,14.15,18.04,11.34,4.34,0.53,68.11,0.69,29.72,34.99,4.13,2.26,20.12,21.56,26.11,25.18,32.99,32.97
9.3,14.23,17.34,11.21,6.98,15.04,87.14,0.4,10.05,28.04,6.7,4.49,11.58,20.62,29.71,26.83,33.69,33.61
12.38,15.29,19.52,12.56,4,3.11,72.09,0.61,21.65,33.42,6.19,2.94,17.98,21.72,27.9,25.88,33.42,33.37
15.4,14.98,20.05,11.87,2.27,0.65,75.74,0.72,31.78,35.07,3.66,2.39,21.33,22.07,26.38,25.81,33.92,33.9
12.58,15.68,22.31,10.34,2.33,0,71.15,0.62,15.73,29.27,10.43,4.37,18.47,21.72,27.34,26.05,33.92,33.89
8.98,16.01,19.98,13.28,2.51,0.8,76.85,0.31,3.77,28.31,7.07,4.24,9.35,21.25,30.4,27.27,33.24,33.16
14.29,16.34,21.78,12.56,2.27,0.06,81.79,0.67,26.42,30.69,5.03,3.86,20.23,21.78,28.35,27.51,34.72,34.7
16.14,17.37,23.68,12.21,2.05,0.04,79.71,0.72,30.6,31.74,3.91,3.59,21.93,22.27,27.58,27.19,35.19,35.18
14.52,19.91,27.91,14.17,2.09,0.01,65.16,0.71,27.4,30.41,5.75,4.35,21.75,22.64,27.63,27.26,35.71,35.7
16.41,22.08,32.11,16.15,2.31,0,49.02,0.66,23.05,26.93,10.62,5.77,20.37,22.46,28.84,27.94,34.73,34.7
9.51,21.16,29.71,17.84,2.15,0.31,54.64,0.43,1.65,17.87,10.88,9.21,13.35,20.7,31.1,28.89,36.64,36.59
12.33,19.59,26.55,15.33,2.68,0.02,66.81,0.52,13.65,20.64,7.65,7.97,16.37,21.4,31.11,28.73,36.03,35.97
11.88,16.54,20.34,13.75,2.66,0.13,77.59,0.56,15.43,23.32,8.08,7.19,17.78,21.92,29.74,27.31,35.25,35.18
9.93,16.64,20.46,14.21,1.58,0.29,71.54,0.51,11.28,22.7,8.81,7.34,16.12,21.79,29.55,27.22,35.26,35.2
10.02,16.44,20.74,14.18,2.35,1.08,79.96,0.38,2.78,18.92,9.16,8.58,12.17,21.25,30.17,27.73,34.81,34.74
8.88,17.1,23.21,13.83,2.23,0.61,79.11,0.34,3.21,17.6,8.05,9.24,10.99,21.16,30.47,28.18,35.83,35.77
8.89,16.36,21.31,13.32,4.49,1.51,82.51,0.46,5.83,15,9.79,10.27,14.91,20.48,30.1,28.18,34.91,34.86
4.16,15.04,19.07,12.16,5.96,13.21,84.66,0.21,0.82,10.96,5.43,12.18,6.92,19.49,30.88,27.42,33.63,33.54
10.85,13.91,15.97,12.32,6.17,11.82,74.33,0.59,20.16,36.07,6.97,2.99,19.21,24.73,27.95,25.23,33.12,33.05
15.25,15.13,20.07,12.11,5.59,0.49,72.52,0.67,28.86,36.17,5.8,2.74,21.97,24.7,27.23,25.75,33.55,33.51
12.8,15.58,20.64,11.16,5.62,0.37,78.41,0.62,18.92,35.4,8.8,2.97,20.44,24.56,28.04,26.66,34.74,34.7
12.96,14.19,16.87,12.24,6.83,8.35,77.45,0.57,19.64,33.75,7.1,3.73,18.96,24.67,28.11,25.83,33.15,33.09
9.69,15.86,19.2,12.88,8.8,11.51,83.4,0.27,2.29,29.44,7,5.27,9.19,23.92,30.47,27.47,33.32,33.24
10.43,17.02,21.21,13.71,7.47,15.04,82.52,0.43,8.82,30.61,8.86,4.71,14.4,24.2,31.71,28.22,34.67,34.58
12.63,15.92,20.75,12.93,2.55,0.33,72.24,0.63,24.11,35.09,7.52,3.56,21.34,25.33,28.73,26.42,34.36,34.29
14.98,16.22,21.71,12.5,2.05,0.01,76.29,0.67,25.52,32.88,6.93,4.39,22.74,25.08,27.74,26.63,34.37,34.34
11.19,16.77,22.92,12.72,2.61,0.04,76.23,0.75,36.08,36.23,3.22,3.31,25.76,25.88,26.48,26.31,35.23,35.22
14.29,18.86,26.6,12.72,2.2,0.01,75.62,0.66,24.3,31.85,7.64,4.66,22.88,25.28,28.78,27.57,36.49,36.46
13.75,23.47,34.66,16.68,2.32,0,53.18,0.71,26.13,27.29,6.66,6.63,24.49,25,29.73,29.08,36.74,36.72
11.2,19.53,23.44,16.72,2.95,0.02,66.55,0.4,1.43,15.21,11.37,11.74,14,22.67,30.88,28.95,35.35,35.31
10.44,17.83,21.64,15.06,3.4,0.02,79.84,0.5,9.3,17.17,10.12,10.62,17.64,22.84,31.43,29.29,35.14,35.08
14.18,17.55,21.46,15.04,2.96,0.04,72.46,0.67,25.24,28.98,6.24,6.16,23.45,25.39,28.37,27.65,35.47,35.46
13.27,17.38,20.97,14.73,5.78,0.03,71.19,0.76,36.78,36.85,3.35,3.55,26.95,27.14,26.57,26.19,35.21,35.2
12.87,19.34,28.17,11.63,4.22,0,62.49,0.75,33.36,33.17,4.6,5.07,26.83,26.92,26.92,26.6,35.75,35.74
10.56,20.36,27.79,14.21,3.42,0.47,65.95,0.74,34.57,34.67,4.09,4.15,26.57,26.73,27.92,27.59,35.98,35.97
15.01,21.9,30.72,15.56,5.81,0,45.8,0.77,38.96,38.75,2.9,3.04,27.81,27.88,26.94,26.79,36.04,36.04
13.85,21.62,30.94,12.82,4.52,0,47.63,0.74,30.22,29.84,5.76,6.5,26.79,26.85,27.75,27.43,36.98,36.97
13.69,22.27,30.87,14.78,2.98,0,48.88,0.74,28.86,28.26,6.42,7.46,26.76,26.81,28.01,27.92,36.74,36.74
15.09,20.36,27.76,14.77,2.18,0.02,63.65,0.73,28.99,28.99,6.23,6.87,26.69,26.83,28.09,27.86,36.05,36.05
13.37,20.23,26.86,15.46,1.91,0.02,67.81,0.74,32.89,32.49,4.89,5.46,27.23,27.29,28.06,27.95,36.14,36.14
16.92,18.48,22.55,14.55,1.62,0.03,79.69,0.66,21.78,30.5,8.78,6.11,24.06,26.79,28.7,27.63,35.66,35.63
11.63,17.93,24.32,12.78,1.95,0.01,76.09,0.56,10.89,26.88,12.25,7.84,20.53,26.19,28.96,27.16,36.75,36.71
12.51,17.85,22.65,14.83,2.13,0.05,83.31,0.41,2.12,23.33,12.03,8.83,15.07,25.22,30.66,28.04,33.96,33.89
11.89,17.24,20.9,14.32,3.05,0.14,77.52,0.55,13.8,22.93,9.75,9.14,20.35,25.59,29.97,27.71,35.89,35.83
13.62,18,22.53,14.3,2.28,0.09,76.92,0.67,24.65,26.98,7.66,7.45,25.14,26.22,28.78,28.03,36.05,36.03
16.19,18.97,25.51,13.81,2.91,0,69.93,0.74,32.97,32.88,4.97,5.31,27.55,27.69,27.68,27.57,35.69,35.69
15.46,19.49,26.32,14.32,2.63,0.01,71.65,0.71,31.74,35.13,6.57,4.45,26.73,27.85,28.19,27.66,35.77,35.75
13.5,19.1,25.46,13.48,3.25,0.01,70.81,0.69,26.14,35.4,8.51,4.48,26.1,28.37,27.8,26.68,35.89,35.86
15.86,17.57,22.41,13.75,3,0.01,75.07,0.73,33.17,34.3,5.09,4.83,27.49,28.01,27,26.66,36.12,36.11
14.86,16.85,21.14,13.7,2.71,0.36,72.31,0.67,29.34,36.97,6.79,3.82,25.28,28.53,27.94,26.64,35.65,35.62
11.12,15.41,18.01,12.97,3.59,5.31,78.48,0.38,6.83,32.58,10.09,5.75,14.57,27.78,29.41,26.59,34.14,34.06
11.83,15.33,18.74,12.54,2.81,2.77,70.17,0.56,18.89,33.5,8.85,5.6,21.59,28.25,28.12,26.06,34.56,34.51
12.47,14.94,18.23,12.54,3.02,2.35,69.17,0.64,26.44,35.22,7.38,4.84,24.45,28.7,27.38,25.62,34,33.96
13.67,16.3,20.99,12.54,2.36,0.15,68.17,0.7,32.38,38.18,5.67,3.33,26.87,28.84,27.68,26.46,35.49,35.46
17.08,16.67,20.85,13.53,2.93,0.14,77.14,0.58,22.09,35.6,8.68,4.26,22.52,28.33,29.01,27.38,34.94,34.9
15.46,16.18,19.71,12.69,3.59,0.01,69.53,0.64,19.35,36.28,13.99,4.44,24.67,28.9,27.56,25.99,36,35.97
16.48,16.77,22.87,10.75,3.45,0,67.44,0.76,38.53,38.64,3.47,3.67,29.56,29.69,25.89,25.57,35.79,35.78
17.18,18.15,24.65,12.63,2.57,0.03,73.29,0.75,37.28,37.05,3.81,4.24,29.29,29.4,26.76,26.44,36.06,36.05
12.99,18.77,24,13.41,2.55,0.06,77.86,0.72,31.19,35.78,5.94,4.66,27.98,29.09,28.34,27.5,37.69,37.67
13.57,19.31,23.98,15.43,3.06,0,79.82,0.67,27.08,34.35,6.54,4.89,26.31,28.49,29.99,28.48,38.25,38.21
16.5,19.21,26,13.42,3.74,0,74.48,0.76,38.6,38.34,3.46,3.78,29.67,29.76,27.74,27.41,36.09,36.08
15.29,20.66,26.33,15.14,1.69,0,75.8,0.69,30.04,33.36,8.27,5.48,27.22,28.55,29.63,28.98,37.11,37.1
15.87,22.43,29.66,17.51,1.65,0,67.08,0.53,7.56,31.05,14.36,6.56,21.02,28.25,31.93,29.32,39.15,39.09
11.94,22.55,28.92,18.23,1.83,0,70.48,0.35,0.83,20,11.33,10.78,14.01,25.79,33.35,31.09,37.9,37.85
16.85,20.01,23.66,17.17,3.07,0.27,81.9,0.57,15.02,20.97,9.71,10.47,22.41,26.34,32.38,30.35,38.27,38.22
16.05,19.36,24.05,16.4,2.88,0.16,79.48,0.67,23.38,27.94,8.44,7.77,26.45,28.08,30.2,29.23,37.1,37.07
13.29,19.09,23.85,15.43,2.67,0.2,78.51,0.6,21.74,32.36,12.6,6.02,24.09,28.81,30.99,28.45,36.38,36.31
12.55,18.01,21.52,15.19,4.01,0.69,77.52,0.41,15.55,38.14,9.6,3.63,16.25,29.7,31.47,28.07,36.17,36.08
10.92,16.96,20.66,14.25,3.87,0.06,69.6,0.61,27.89,41.77,6.72,2.83,24.62,30.49,29,26.64,36.19,36.14
14.42,17.46,22.35,13.34,3.12,0,69.19,0.69,31.78,39.95,5.75,3.39,27.87,30.25,27.88,26.84,36.39,36.37
18.78,18.5,22.75,15.5,3.1,0.08,75.16,0.63,24.7,36.81,7.59,4.34,25.49,29.6,29.83,28.28,38.02,37.98
14.14,17.88,22.05,15.29,2.86,0.01,70.4,0.62,23.41,34.81,9.12,5.25,25.03,29.57,29.52,27.44,36.26,36.21
12.7,17.33,20.58,14.27,3.05,0.05,69.14,0.51,15.2,33.33,10.71,6.4,20.55,29.46,29.23,27.02,35.32,35.26
16.95,17.48,21.55,13.73,2.95,0.05,70.16,0.65,30.53,39.05,6.36,3.79,26.26,30.35,28.21,27.14,36.37,36.34
16.51,17.76,21.91,14.46,3.69,0.01,68.14,0.72,36.68,39.51,4.44,3.76,29.26,30.53,27.61,26.99,36.74,36.72
13.61,17.84,21.98,13.24,4.06,0,73.94,0.67,24.02,34.21,10.12,5.72,27.11,29.65,28.45,27.32,36.79,36.77
16.09,19.12,24.08,15.2,3.59,0.03,73.64,0.69,27.55,30.62,7.04,6.85,27.86,28.95,29.02,28.03,37.17,37.15
19.51,19.29,24.36,14.82,3,0.04,73.73,0.69,27.33,29.2,7.32,7.48,27.88,28.75,29.21,28.8,37.22,37.21
14.15,20.04,24.42,16.52,2.62,0.05,77.43,0.48,3.95,19.87,14.26,11.65,19.73,26.77,32.07,30.4,37.15,37.1
12.81,20.02,25.02,16.46,3.07,0.05,79.35,0.58,16.23,23.8,10.59,9.83,23.47,27.74,31.73,30.5,37.73,37.69
19.59,19.67,23.97,16.12,3.38,0.02,73.91,0.63,19.88,24.04,10.17,9.82,25.72,28,30.82,30.13,37.61,37.59
13.36,20.45,25.52,15.97,2.64,0.01,71.62,0.67,22.12,23.21,9.65,10.45,27.59,28.01,30.48,30.12,37.93,37.92
12.41,22.55,28.77,17.19,2.19,0.02,73.45,0.6,17.63,23.74,10.11,10.22,24.57,28.21,33.02,31.18,38.25,38.21
17.46,23.35,27.97,18.95,2.84,0.03,70.98,0.51,9.17,20.31,11.82,11.79,20.8,27.39,33.8,31.79,39.75,39.7
15.4,22.51,28.36,18.36,2.51,0.04,72.52,0.61,18.35,23.73,9.96,10.24,25.21,28.28,32.63,31.11,39.34,39.3
17.12,22.12,27.63,18.37,2.14,0.04,74.16,0.52,13.1,24.31,10.45,10.11,21.34,28.46,34.06,30.69,40.54,40.46
13.44,21.95,27.91,17.85,2.89,0.06,75.97,0.56,16.91,27.7,9.38,8.66,22.91,29.28,33.21,30.01,39.81,39.74
10.97,21.86,26.75,18.55,2.86,0.06,74.61,0.43,8.94,24.78,9.52,9.65,17.87,28.29,34.68,30.89,38.71,38.62
11.92,21.21,26.68,18.02,2.74,0.06,74.07,0.52,12.81,24.27,10.87,9.87,21.45,28.17,34.13,31.44,37.87,37.8
13.1,20.42,24.65,17.94,3.24,0.03,78.22,0.49,8.77,19.08,11.57,12.31,20.29,26.97,33.84,31.83,38.92,38.87
8.98,21.41,27.28,18.1,3.59,0.02,74.32,0.4,6.63,24.02,9.87,10.09,16.38,28.43,34.35,31.34,40.31,40.24
12.45,20.67,24.83,17.52,3.81,0.03,69.01,0.44,12.19,27.91,8.94,8.26,18.23,28.91,32.26,30.29,38.17,38.12
17.24,20.76,25.73,16.38,3.48,0.02,70.78,0.69,33.76,38.48,5.91,3.88,28.53,30.41,30.9,30.06,37.96,37.94
16.46,20.81,24.91,17.86,2.9,0.01,70.6,0.63,27.81,36.56,6.68,4.84,26.19,30.32,30.87,29.65,37.86,37.83
12.73,20.92,25.29,17.77,3.13,0.29,72.97,0.48,13.26,34.11,11.03,5.61,19.83,29.97,32.58,30.21,37.16,37.1
11.69,20.19,23.91,17.41,3.04,0.19,73.34,0.53,17.22,31.69,10.2,6.86,21.95,29.65,31.71,29.76,37.65,37.6
13.66,20.23,24.72,17.13,3.22,0.14,72.07,0.61,25.15,33.67,7.85,6.07,25.07,30.2,31.38,29.35,38.43,38.38
14.7,21.47,26.41,17.59,3.8,0.06,71.78,0.61,19.88,30.63,10.32,7.12,25.44,29.25,32.86,30.87,38.65,38.6
17.83,21.91,26.61,18.32,2.68,0.02,70.05,0.57,16.18,27.2,10.35,8.45,23.71,28.99,32.66,30.76,38.34,38.3
14.36,20.81,25.24,17.43,3.55,0.01,74.71,0.59,22.73,35.62,8.24,5.16,24.62,30.5,31.92,29.58,39.06,39
18.64,20.33,25.2,16.55,3.48,0,69.95,0.75,38.01,38,4.33,4.54,30.9,31.07,28.93,28.49,38.18,38.17
18.62,21.11,25.99,16.71,3.17,0,76.54,0.7,30.27,36.09,7.1,4.99,28.86,30.68,30.62,29.42,39.55,39.52
14.98,21.25,25.16,18.16,3.47,0.01,72.17,0.62,24.91,36.07,6.75,5.03,25.68,30.51,31.67,29.9,39.15,39.11
15.59,20.55,24.49,17.48,3.7,0.01,66.4,0.72,37.3,40.96,4.95,3.38,29.96,31.4,29.54,28.53,37.68,37.66
17.69,20.57,24.84,17.31,3.76,0.33,67.22,0.72,36.97,41.94,5.1,3.08,29.84,31.4,29.32,28.59,37.72,37.7
19.03,20.93,25.58,16.39,4.25,0.04,69.7,0.75,40.18,39.72,3.5,3.96,31.16,31.3,28.85,28.59,37.68,37.67
15.95,22.89,28.43,17.86,2.82,0.19,69.46,0.67,23.5,32.28,10.62,6.99,27.85,30.28,30.65,29.78,38.78,38.77
12.32,24.94,31.76,19.74,2.6,0.22,64.99,0.73,32.28,31.64,6.12,7.07,30.08,30.16,30.63,30.49,39.74,39.74
16.99,23.78,29.48,19.02,2.54,0.36,74.75,0.71,30.01,33.41,7.2,6.22,29.32,30.25,31.13,30.45,39.52,39.51
9.58,22.74,27.24,19.37,3.61,0.06,77.09,0.42,9.54,30.15,8.86,7.44,17.32,29.44,35.45,30.97,39.99,39.88
10.12,20.9,24.21,18.64,3.64,0.06,72.05,0.35,4.5,29.85,10.25,7.3,14.45,29.09,33.49,30.38,35.87,35.8
14.84,21.19,26.01,17.83,3.93,0.09,68.13,0.58,22.04,35.63,9.08,5.23,24.04,30.21,31.89,29.76,38.57,38.52
15.24,21.36,25.67,18.21,3.94,0.04,69.36,0.66,26.62,33.22,8.4,6,27.21,29.86,30.88,29.75,38.5,38.47
12.52,21.41,26,18.21,3.06,0.02,70.7,0.62,25.25,33.46,7.7,5.85,25.57,29.77,31.89,30.32,39.2,39.16
15.57,21.32,25.6,17.97,3.13,0,69.4,0.64,27.01,37.33,6.77,4.42,26.6,30.62,31.99,29.46,39.71,39.66
12.13,21.9,26.44,18.64,3.89,0.01,71.68,0.66,29.66,38.71,6.36,4.01,27.05,30.73,31.72,29.89,38.86,38.82
13.58,22.48,28.11,18.08,2.96,0,69.08,0.74,36.47,36.31,4.51,5.03,30.5,30.57,30.37,29.8,39.22,39.2
18.55,23.59,29.64,17.92,2.42,0,71.3,0.71,30.3,31.85,7.27,6.88,29.37,29.91,31.09,30.56,39.84,39.83
18.62,24.56,30.34,19.63,2.97,0,70.71,0.62,20.58,29.35,9.98,7.78,25.48,29.36,33.43,31.71,40.63,40.59
17.6,22.81,28.28,18.92,4.7,0,72.02,0.59,19.61,30.81,9.05,7.03,24.29,29.39,33.62,30.97,39.02,38.96
15.66,21.89,27.1,18.46,3.72,0,72.17,0.6,23.27,39.57,8.42,3.74,24.75,30.8,32.45,29.77,39.61,39.55
12.37,21.15,24.92,18.28,3.31,0,69.63,0.64,27.68,39.08,6.69,3.81,26.09,30.52,31.4,29.53,40.14,40.09
13.62,20.93,25.78,17.09,3.15,0,68.66,0.73,35.53,36.3,4.95,4.88,29.97,30.14,29.51,29.14,38.85,38.84
19.08,21.69,26.86,16.95,3.72,0,70.18,0.72,32.45,32.15,5.89,6.49,29.54,29.62,29.92,29.78,38.77,38.76
7.12,23.09,28.56,18.47,3.99,0.01,75.81,0.7,26.86,27.54,7.98,8.32,28.55,28.77,31.81,31.43,38.98,38.97
6.58,24.02,29.83,19.66,2.85,0.01,75.25,0.6,13.08,18.11,12.65,13.27,24.57,27.12,33.46,32.16,38.53,38.5
6.53,24.02,29.8,19.8,2.53,0.01,75.02,0.56,14.6,21.87,10.65,11.28,22.73,27.98,33.78,31.91,39.33,39.28
6.61,22.62,27.6,19.11,2.75,0.01,73.82,0.69,22.91,24.5,9.66,10.36,28.13,28.68,31.03,30.31,39.43,39.41
6.49,22.95,29.12,17.75,2.69,0,69.61,0.72,27.12,27.63,8.53,9,29.13,29.31,29.92,29.62,39.76,39.76
6.47,23.34,28.74,18.68,3.2,0.36,74.13,0.73,31.63,32.3,6.58,6.57,29.55,29.79,30.63,30.37,39.12,39.12
8.66,23.24,27.89,19.62,3.53,0.29,69.74,0.72,31.38,32.18,6.18,6.63,29.04,29.49,31.4,30.63,38.96,38.94
16.81,23.57,29.62,18.52,3.15,0.04,67,0.65,17.02,17.6,11.4,12.84,26.17,26.47,32.81,32.18,39.72,39.7
21.66,26.13,32.26,21.24,1.81,0.35,68.32,0.58,10.58,11.97,12.95,14.83,23.6,24.52,35.46,34.52,41.25,41.22
18.4,27.64,33.45,23.08,1.91,0.33,63.73,0.56,10.45,15.42,12.82,13.52,22.68,25.69,35.65,34.54,41.32,41.3
16.93,24.68,29.04,20.94,3.55,0,73.26,0.66,20.27,22.49,10.19,10.35,26.48,27.36,33.58,32.69,40.09,40.07
16.78,23.88,28.57,20.26,3.42,0.02,74.89,0.66,24.45,31.71,8.3,6.43,26.6,29.17,33.09,31.16,39.69,39.64
21.88,24.49,30.56,19.31,3.26,0.01,70.83,0.69,23.65,25.21,8.81,9.35,27.45,28.04,32.63,31.73,40.27,40.25
7.25,27.54,34.66,21.22,2.19,0,64.26,0.63,16.85,20.87,10.93,11.11,25.35,27.06,34.68,33.39,41.38,41.35
6.48,30.28,36.91,24.81,2.24,0,50,0.64,18.41,21.62,10.59,10.6,25.55,27.02,35.36,34.42,42.85,42.83
6.83,26.03,33.4,21.52,2.3,0.01,67.6,0.62,16.19,22,11.34,10.66,24.64,27.28,33.56,32.19,40.31,40.28
6.97,23.93,29.21,20.2,2.8,0.02,73.64,0.68,26.18,33.38,8.28,5.66,27.08,29.21,32.61,30.74,40.24,40.2
6.29,24.26,29.14,20.6,3.02,0.03,73.9,0.59,19.16,30.67,8.38,6.51,23.25,28.45,34.93,31.54,40.35,40.27
6.45,23.62,28.38,20.37,2.79,0.03,75.45,0.64,16.69,21.07,11.17,10.81,25.16,26.64,33.43,32.46,39.35,39.32
6.39,23.98,29.35,20.46,2.93,0.01,70.83,0.66,20.14,22.7,9.64,9.97,25.86,27.05,33.42,32.42,40.3,40.28
6.64,24.33,29.64,20.19,2.81,0,70.18,0.67,20.47,22.25,9.99,10.23,26.5,27.08,32.89,32.16,40.09,40.07
10.58,24.58,29.85,21.31,3.37,0,76.56,0.58,11.54,16.06,11.79,13.04,22.68,25.39,35.16,33.02,40.1,40.05
23.04,23.67,28.59,20.54,2.79,0,75.88,0.63,17.2,22.42,10.31,9.86,24.72,26.58,34.34,32.6,40.06,40.02
22.39,24.49,30.28,19.85,2.92,0,67.3,0.71,27.55,28.76,7.3,7.46,27.78,28.14,31.62,31.03,40.16,40.14
19.08,24.88,30.87,19.87,3.14,0,68.23,0.71,29.65,31.25,6.48,6.21,27.84,28.26,31.64,31.11,40.3,40.29
21.08,24.77,30.52,19.95,2.4,0,71.8,0.72,29.4,29.33,6.34,7.02,27.9,28.01,31.37,30.93,40.11,40.1
21.08,23.89,29.26,20.11,2.26,0.01,73.65,0.69,23.34,27.63,8.76,7.77,26.68,27.67,31.5,30.59,39.85,39.83
20.03,23.58,29.61,19,2.32,0.01,74.24,0.71,27.6,31.06,7.01,6.26,27.29,28.29,30.96,29.98,39.28,39.25
20.25,24.23,29.44,19.92,2.52,0.01,74.97,0.7,26.91,28.61,6.72,6.99,26.79,27.45,32.1,31.23,40.2,40.18
24.42,23.93,29.17,20.43,2.67,0.01,74.94,0.65,20.01,28.18,10,7.3,24.98,27.43,32.81,31.03,40.73,40.69
24.12,24.29,30.34,19.89,2.97,0.04,70.84,0.69,25.28,25.3,7.31,8.33,26.55,26.66,32.16,31.62,41.04,41.03
16.74,24.85,29.88,20.25,2.01,0.03,69.82,0.7,26.19,26.27,7.04,7.92,26.69,26.84,32.04,31.69,41.03,41.02
18.23,25.58,31.48,21.3,2.31,0.01,69.7,0.66,19.48,21.45,9.34,9.81,25.07,25.79,33.36,32.66,39.77,39.75
21.91,24.58,29.35,20.83,2.36,0.02,71.41,0.64,17.15,20.09,9.96,10.47,24.09,25.51,33,32,39.22,39.19
16.56,23.85,29.41,20.03,3.18,0.04,73.69,0.66,23.56,32.76,8.9,5.25,24.91,27.75,32.02,30.48,40.11,40.08
17.88,23.85,29.53,19.32,3.31,0.01,71.87,0.7,31.12,36.32,5.39,3.56,26.42,27.69,31.81,30.9,39.46,39.44
18.64,25.51,32.04,20.28,4.37,0.01,71.72,0.73,33.26,32.71,4.43,5.07,27.27,27.31,31.92,31.56,39.95,39.94
16.73,27.36,35.42,20.97,3.85,0.01,67.25,0.73,32.98,32.6,4.42,4.97,27.26,27.3,32.15,32.07,41.01,41.01
17.68,27.6,35.28,21.56,3.13,0.01,66.07,0.71,28.88,28.29,5.98,6.97,26.61,26.7,32.6,32.36,40.42,40.41
18.82,26.46,33.18,21.72,2.78,0,70.27,0.7,25.53,25.15,6.95,7.99,25.85,25.91,32.52,32.45,40.45,40.45
20.03,25.03,30.13,21.22,2.15,0.02,73.79,0.6,16.44,24.44,9.6,8.08,22.23,25.72,33.7,32.1,40.88,40.85
13.3,24.01,29.16,20.62,2.31,0.02,73.52,0.52,7.99,19.01,10.87,10.31,19.06,24.38,33.88,31.67,40.07,40.02
17.12,24.46,30.2,20.96,2.41,0.07,76.47,0.62,19.89,26.54,8.2,6.9,22.89,25.59,33.68,31.68,40.44,40.4
6.51,22.52,25.91,19.97,3,0.08,79.1,0.57,17.79,32.14,8.7,5.09,20.74,26.8,33.39,30.28,39.56,39.49
5.99,23.15,27.6,19.58,3.16,0.04,71.21,0.7,26.81,29.27,6.17,5.9,25.54,25.95,32.55,31.15,38.96,38.93
5.92,23.94,28.49,20.47,2.86,0.08,76.87,0.61,13.19,18.21,10.85,10.36,22.02,23.75,34.03,33.02,39.33,39.3
5.99,24.75,29.63,21.52,2.96,0.06,77.82,0.64,19.91,21.97,8.32,8.6,23.06,24.19,33.68,33.18,39.74,39.73
6.03,24.17,29.83,20.27,2.32,0.03,73.19,0.71,28.42,28.33,5.63,6.21,25.47,25.55,31.57,31.4,39.62,39.62
5.97,23.66,29.83,19.52,2.21,0.02,72.86,0.71,28.36,29.27,5.71,5.78,25.49,25.69,31.45,30.87,39.22,39.21
5.74,22.8,27.24,20.11,3.22,0.07,73.67,0.63,18,26.13,8.64,7.06,22.27,24.94,33.42,30.71,39.03,38.96
6.13,22.99,27.09,20.14,3.39,0.04,73.32,0.63,18.54,25.27,8.74,7.17,22.15,24.64,32.93,31.04,38.81,38.77
5.65,23.78,28.4,21.01,3.03,0.09,77.19,0.54,13.08,20.27,9,8.99,19.07,23.31,34.82,32.84,39.69,39.64
5.31,23.76,28.62,20.98,2.82,0.1,78.5,0.43,8,23.92,9.37,7.35,14.95,24,35.15,32.41,39.82,39.75
7.39,23.18,27.69,20.3,3.03,0.05,77.93,0.56,16.94,26.52,8.01,6.16,19.66,24.24,33.91,31.77,39.87,39.82
18.74,23.51,28.95,19.8,3.29,0.03,74.69,0.69,25.16,25.68,6.13,6.72,23.86,24.16,32.38,31.67,39.09,39.07
10.98,22.33,26.21,20.03,3.75,0.04,72.72,0.56,12.18,18.97,9.63,9.42,19.24,22.86,33.63,31.92,38.86,38.81
16.08,22.29,26.43,18.85,3.57,0,69.51,0.67,19.84,19.63,8.01,9.19,22.95,23.01,31.56,31.43,38.98,38.97
17.72,23.33,28.82,19.01,3.2,0.01,70.63,0.68,22.62,22.36,7.05,8.06,23.38,23.49,31.51,31.26,39.2,39.2
12.21,22.64,26.14,20.08,3.34,0.01,72.15,0.61,14.72,17.88,9.44,9.4,20.73,22.1,32.45,31.76,38.33,38.31
11.72,23.69,29.92,20.59,2.91,2.34,71.25,0.41,4.14,15.66,9.19,9.77,13.88,20.81,35.46,34.13,40.64,40.6
14.79,22.41,26.46,19.39,3.08,0,71.53,0.65,20.27,23,7.58,7.46,21.77,23.05,32.41,31.86,38.19,38.18
15.53,21.49,26.13,18.68,2.55,0,74.99,0.72,29.46,29.81,4.76,5.04,24.2,24.35,30.28,29.89,38.14,38.14
15.29,21.06,25.04,18.33,3,0,74.7,0.66,24.66,30.5,5.42,4.77,21.98,24.3,31.98,29.44,39.15,39.09
11.52,20.88,24.22,18.15,3.06,0,72.46,0.63,23.65,30.19,5.83,4.75,20.95,24,31.04,29.08,38.82,38.78
15.35,22.25,28.32,17.81,2.29,0,71.61,0.71,29.34,29.78,4.45,4.67,23.35,23.55,30.34,29.95,38.24,38.23
11.8,23.33,29.86,18.63,2.35,0.01,74.36,0.7,28.99,29.42,4.32,4.48,22.98,23.17,31.53,31.32,39.35,39.34
11.3,25.83,32.79,20.43,1.46,0.01,59.44,0.66,21.59,23.25,6.64,6.88,21.36,22.15,32.97,32.33,39.77,39.75
17.4,26.42,32.23,22.52,1.64,0,54.65,0.65,18.15,18.84,7.83,8.53,20.92,21.19,33.56,33.11,39.83,39.82
16.06,24.75,30.89,21.06,2.19,0.05,71.24,0.66,20.03,21.08,7.03,7.55,21.1,21.49,33.44,32.72,39.75,39.73
13.79,23.72,29.56,19.83,2.73,0.02,71.06,0.63,19.11,23.2,6.8,6.64,20.06,21.72,32.83,32.14,39.02,39
10.15,22.31,26.14,19.18,2.76,0.01,76.13,0.58,14.13,23.58,8.3,6.43,18.35,21.67,32.86,31.35,37.82,37.78
13.54,22.43,27.41,18.88,3.14,0.02,71.46,0.67,22.83,24.69,6.06,5.93,21.15,21.77,31.71,31.26,38.79,38.78
12.36,23.58,28.41,20.77,2.52,0.11,70.82,0.54,12.1,21.83,8.5,6.84,17.1,20.94,33.97,32.43,39.78,39.74
12.13,23.18,27.72,20.27,2.75,0.03,71.05,0.59,15.55,22.27,8.53,6.66,18.38,20.94,33.43,31.66,38.25,38.2
14.08,23.18,28.02,19.86,2.59,0.02,71.3,0.69,25.91,25.91,4.86,5.39,21.36,21.5,31.53,31.07,38.81,38.8
11.16,21.59,26.49,18.4,2.62,0.01,75.5,0.68,25.38,28.08,5.73,4.59,21.02,21.66,30.31,29.85,37.23,37.22
9.31,21.34,25.53,18.64,2.69,0.02,69.29,0.67,25.14,28.05,4.95,4.47,20.53,21.46,30.44,29.68,37.92,37.9
14.33,22.02,27.84,17.23,3.04,0,70.5,0.69,28.68,29.08,3.92,3.94,21.13,21.35,30.7,30.41,37.7,37.7
13.25,22.9,27.4,19.51,2.6,0.05,80,0.6,20.7,29.91,6.29,3.51,18.14,21.21,32.87,31.61,38.55,38.52
13.63,22.86,27.62,19.55,2.63,0.03,75.34,0.63,24.06,30.41,5.12,3.38,18.94,21.23,32.67,31.48,38.51,38.48
15,21.97,26.51,18.85,4.04,0,62.96,0.72,32.12,31.85,2.74,2.96,21.44,21.48,29.96,29.81,38.12,38.12
12.54,22.94,29.01,18.55,2.71,0.47,74.88,0.7,28.26,28.04,3.76,4.13,20.66,20.7,31.24,31.12,38.35,38.34
11.2,24.51,31.56,20.31,2.04,0.22,75.06,0.58,14.29,21.44,7.85,6.41,17.12,19.66,33.63,32.22,39.41,39.38
10.25,24.38,30.32,20.67,3.41,0.26,73.84,0.65,20.58,21.19,6.03,6.32,19.08,19.33,32.57,32.33,39.18,39.18
13.13,23.14,28.7,19.55,3.38,0.39,77.7,0.69,25.89,27.43,4.7,4.25,20.06,20.38,31.26,30.8,38.26,38.25
9.32,22.62,27.56,19.16,2.68,0.07,80.33,0.54,13.52,25.96,7.35,4.49,15.51,19.75,33.5,31.72,38.4,38.35
12.21,22.31,27.05,19.18,2.43,0.06,82.25,0.64,23.27,28.96,4.82,3.37,18.21,19.94,32.71,31.92,38.37,38.35
12.99,22.23,25.98,19.84,3.14,0.1,82.61,0.64,22.7,27.98,5.17,3.7,17.98,19.79,32.58,31.58,38.25,38.23
13.7,23,29.35,19.74,3.39,0.05,79.55,0.63,21.58,25.75,4.92,4.42,17.67,19.33,33.11,31.82,38.36,38.33
7.05,22.1,26.37,19.63,3.14,0.17,79.06,0.33,4.28,22.49,6.8,5.59,9.29,18.77,34.02,31.36,37.63,37.56
9.41,21.4,25.51,19.21,2.15,1.47,80.63,0.6,17.44,29.62,6.83,3.25,16.66,19.67,31.69,30.67,37.67,37.65
9.24,21.47,26.19,16.84,3.78,0.59,78.03,0.71,29.75,30.2,2.98,3.02,19.47,19.61,30.55,30.22,37.38,37.37
9.94,22.17,26.2,19.59,2.67,1.88,78.26,0.46,13.06,28.67,6.65,3.26,12.45,19.08,33.31,31.35,37.47,37.42
10.81,22.93,28.41,18.58,3.12,0.21,76.11,0.69,28.64,29.31,3.07,3.03,18.7,18.9,31.98,31.82,38.32,38.31
5.24,22.29,26.62,19.84,4.35,6.73,82.78,0.28,1.71,26.48,5.94,3.87,7.41,18.37,33.67,31.71,37.64,37.59
10.56,21.55,25.49,18.97,3.34,1,74.71,0.67,26.57,30.06,3.66,2.75,17.89,18.88,31.23,30.4,37.02,37
9.84,21.47,24.61,18.84,1.15,6.66,74.67,0.5,13.19,26.43,6.48,3.79,13.25,18.17,32.24,30.8,36.83,36.8
11.38,20.78,23.76,18.53,6.3,3.77,78,0.45,8.19,28.09,6.95,3.08,11.83,18.16,33.68,31.1,36.83,36.77
10.98,21.2,25.53,18.73,4.75,1.99,78.57,0.5,12.25,28.79,7.02,3.19,12.9,18.33,32.58,30.71,36.12,36.07
12.7,20.14,23.51,16.96,3.35,0.36,74.27,0.69,29.07,33.12,3.58,2,17.87,18.94,29.67,28.69,36.26,36.24
12.54,18.99,24.11,15.01,4.79,0,73.94,0.73,32.95,33.45,1.91,1.96,18.75,18.81,28,27.79,35.99,35.99
10.68,19.7,24.73,16.02,3.75,0,81.59,0.71,29.41,30.76,2.67,2.42,18.03,18.3,29.31,28.79,35.88,35.87
10.04,20.69,26.17,16.72,2.77,0.02,83.59,0.64,20.01,28.85,7.02,2.78,16.16,17.76,30.05,29.5,36.88,36.87
9,21.01,25.86,17.72,2.39,0.04,83.15,0.68,25.65,27.36,3.63,3.09,17,17.33,30.46,30.07,37.14,37.13
8.39,21.36,24.85,18.92,1.61,0.01,77.7,0.63,20.05,26.71,5.36,3.22,15.69,17.07,30.78,30.13,37.21,37.19
11.46,22.54,27.03,19.41,1.38,4.51,74.52,0.47,5.51,20.75,8.01,4.82,11.51,15.91,32.56,30.86,36.61,36.57
9.37,23.21,29.99,19.7,3.21,0.24,70.68,0.64,20.86,21.77,4.27,4.43,15.71,16.03,32.12,31.21,37.94,37.92
8.82,20.32,23.83,18.03,3.32,2.32,80.82,0.52,12.48,22.63,5.92,4.38,12.67,16.25,32.72,29.97,36.74,36.68
9.28,18,21.34,15.56,3.42,0.28,64.71,0.69,27.74,32.13,3.43,1.86,16.61,17.57,28.94,27.22,35.45,35.41
9.11,17.5,20.79,14.59,2.76,3.23,76.13,0.6,19.64,26.73,4.93,3.36,14.2,16.62,29.16,27.76,34.68,34.65
9.21,15.71,17.27,14.27,2.13,5.85,74.16,0.43,6.31,25.67,6.42,3.56,10.06,16.42,30.02,26.59,34.63,34.55
6.95,16.42,19.56,12.92,4.98,4.29,78.77,0.3,1.48,15.56,5.44,6.49,6.97,14.83,31.71,27.75,34.05,33.95
7.47,18.85,22.51,16.68,5.81,5.33,81.09,0.46,5.79,11.33,6.57,7.57,10.54,13.8,32.04,29.63,35.12,35.06
8.57,19.14,23.65,16.3,3.74,1.94,81.26,0.63,19.95,23.4,4.51,3.82,14.45,15.61,30.35,29.21,35.54,35.51
10.52,19.02,23.61,16.26,2.06,0.76,82.18,0.64,21.42,25.66,4.04,3.12,14.5,15.74,29.63,28.97,35.6,35.59
13.06,19.1,22.84,16.92,1.37,0.05,80.2,0.67,24.02,24.91,3.16,3.24,15.15,15.46,29.4,29.07,35.89,35.88
8.92,19.7,25.41,16.4,1.64,0,77.76,0.64,20.76,26.41,4.01,2.87,14.26,15.62,29.75,28.68,36.52,36.5
8.93,20.94,27.69,16.76,1.7,0,65.18,0.66,21.35,26.33,4.77,2.87,14.57,15.49,29.52,28.93,35.95,35.94
10.62,20.46,26.21,16.84,2.26,0,70.03,0.68,23.75,24.01,3.38,3.58,15.09,15.26,28.82,28.49,36.13,36.12
9.34,21.14,28.45,16.06,1.94,0,66.07,0.7,26.36,26.43,2.76,2.9,15.38,15.46,28.79,28.52,36.45,36.45
10.46,22.95,29.86,19.27,2.55,0,56.88,0.52,8.18,21.41,7.06,4.13,11.31,14.62,31.12,29.48,35.72,35.68
6.74,21.78,25.94,19.48,1.61,0,72.72,0.32,0.6,11.23,5.78,6.69,6.8,12.44,32.81,30.51,36.88,36.83
7.62,21.36,24.53,18.16,1.34,0.02,75.05,0.33,0.56,15.31,6.02,5.59,7.14,13.25,32.82,30.22,35.51,35.45
11.35,19.43,24.14,16.21,3.15,0.04,82.28,0.7,26.17,27.04,2.55,2.52,14.73,14.89,28.83,28.31,35.64,35.63
10.94,18.83,24.08,15.42,2.64,0.03,82.59,0.7,26.34,26.49,2.48,2.57,14.64,14.74,28.31,28.05,35.51,35.5
10.21,18.41,23.05,16.12,2.33,0.04,81.87,0.63,19.15,24.81,4.65,2.98,13.13,14.4,28.73,27.85,34.97,34.95
7.65,18.11,21.66,15.8,3.43,0.5,80.43,0.43,8.24,24.91,5.54,2.91,9,14.15,30.26,28.23,35.06,35.01
10.88,17.45,20.74,15.08,3.76,1.64,81.52,0.47,12.19,24.07,4.6,2.87,9.72,13.88,30.31,28.39,35.41,35.36
7.89,18.14,22.71,14.42,2.99,0.2,70.21,0.58,13.82,21.35,5.49,3.66,11.72,13.46,29.61,28.07,34.92,34.88
10.87,19.64,25.61,16.33,3.7,0.1,62.47,0.64,19.14,19.45,3.8,4.05,13.01,13.17,29.48,28.82,35.55,35.53
10.21,19.1,23.77,16.56,3.49,0.8,69.47,0.6,16.56,21.05,4.57,3.56,12.08,13.23,29.39,28.76,35.77,35.76
11.42,20.12,24.32,17.04,2.33,0.65,74.07,0.52,12.36,19.55,4.93,3.76,10.42,12.77,32.05,30.31,36.25,36.21
5.33,19.31,21.36,16.94,3.38,4.33,80.94,0.37,4.74,22.44,5.29,3.04,7.26,13.07,31.12,29.71,35.4,35.36
9.43,18.74,24.36,15.02,2.11,0.02,81.19,0.69,26.83,27.45,1.99,2.02,13.64,13.72,28.57,28.37,35.76,35.75
12.3,18.58,24.52,15.03,2.15,0.03,76.04,0.68,25.53,25.72,2.31,2.38,13.38,13.43,28.45,28.22,35.67,35.67
10.26,18.57,24.34,14.31,3.01,0,70.66,0.68,24.42,24.42,2.47,2.63,13.15,13.21,28.27,28.08,35.48,35.48
11.02,21.62,29.36,16.59,3.01,0,47.94,0.68,24.52,24.52,2.5,2.67,13.2,13.3,28.82,28.21,36.02,36.01
7.89,22.63,29.26,19.27,4.44,0.01,49.24,0.4,2.65,16.57,6.03,4.48,7.64,11.91,32,29.65,36.66,36.61
11.26,19.74,24.43,16.69,2.6,0.02,70.56,0.57,11.28,15.25,5.37,4.78,10.89,11.8,30.23,29.01,36.02,35.99
8.35,19.27,24.15,16.32,1.59,0.01,62.5,0.46,3.58,15.42,6.71,4.75,8.63,11.77,30.21,28.26,35,34.95
11.76,20.22,27.37,15.93,1.67,0,55.31,0.67,21.62,21.9,3.05,3.14,12.6,12.7,28.21,27.96,35.93,35.92
12.68,21.34,29,17.81,2.76,0,46.63,0.62,16.4,18.8,4.47,3.94,11.62,12.26,28.89,28.3,35.75,35.74
9.11,21.15,28.08,17.86,1.53,0,50.86,0.58,12.53,18.22,5.23,3.95,10.81,11.99,29.68,28.61,36.23,36.21
11.62,21.51,30.42,17.22,1.92,0,51.77,0.64,19.25,20.03,3.49,3.5,11.9,12.25,29.07,28.55,35.52,35.51
9.36,19.75,25.66,16.56,2.22,0,57.57,0.6,14.27,18.15,5.02,3.97,11.1,11.88,28.63,27.77,35.5,35.48
10.33,19.16,25.99,15.61,1.75,0,55.93,0.61,15.96,19.06,4.7,3.71,11.12,11.98,28.23,27.33,34.82,34.8
8.17,18.09,23.36,15.19,2.13,0.02,75.98,0.62,16.85,19.72,4.09,3.42,11.35,11.93,28.72,27.88,35.47,35.45
10.85,17,20.79,13.9,2.39,0.01,76.03,0.6,20.9,26.21,2.75,1.95,10.94,12.67,28.22,27.13,34.83,34.81
11.66,16.3,21.6,12.75,3.16,0,82.03,0.69,25.13,28.26,2.19,1.62,12.4,12.89,27.44,26.39,34.53,34.5
8.08,16.57,23.03,12.33,3.05,0,77.12,0.69,25.38,27.97,2.2,1.7,12.47,12.86,27.44,26.22,34.15,34.12
8.3,17.3,22.41,14.61,2.24,0.1,79.08,0.53,7.45,26.67,7.04,1.83,9.58,12.48,28.25,27.05,34.39,34.36
9.78,16,19.15,13.18,2.57,0.16,84.79,0.58,15.18,27.45,4.43,1.71,10.43,12.61,28.3,26.45,34.73,34.68
7.91,14.47,18.97,10.85,3.36,0.01,71.05,0.5,15.44,29.21,3.89,1.45,8.93,12.9,28.1,25.08,33.37,33.3
11.78,12.82,17.26,9.69,1.8,0.02,64.56,0.71,26.04,29.25,2.12,1.54,12.55,13,25.38,23.97,33.52,33.49
8.43,13.33,16.86,9.76,3.33,1.16,72.04,0.48,10.81,24.7,4.62,2.41,8.54,12.32,28.02,24.98,32.85,32.78
13.01,14.52,17.6,12.41,3.86,1.02,74.11,0.5,16.02,25.45,3.16,2.16,8.89,12.26,27.95,25.82,33.37,33.32
11.93,14.23,18.59,10.86,2.21,0.01,70.94,0.67,25.24,28.04,1.92,1.56,11.81,12.5,26.34,25.54,33.73,33.71
10.11,15.2,21.49,11.05,3.12,0,67.26,0.62,16.12,27.45,5.24,1.73,10.88,12.52,27.06,25.38,32.78,32.75
8.43,16.73,22.45,13.29,2.21,0,52.99,0.48,3.01,22.92,6.49,2.78,8.39,12.04,27.65,25.39,33.99,33.94
13.45,17.5,22.88,15.08,2.36,0,43.91,0.67,21.23,21.9,2.81,2.9,11.74,11.91,27.32,25.88,34.76,34.73
9.66,18.15,24.04,15.02,2.31,0,58.16,0.62,18.93,21.92,3.31,2.71,10.87,11.65,28.8,27.5,34.61,34.58
9.9,17.58,23.1,13.85,1.22,0.19,73.56,0.65,19.69,20.69,2.99,3,11.35,11.53,28.42,27.52,34.93,34.9
9.17,16.33,21.27,13.12,1.74,0.42,83.84,0.51,10.53,17.9,4.81,3.64,8.95,11.2,29,27.47,34.25,34.21
6.33,15.78,18.67,13.54,2.65,1.47,86.02,0.36,6.39,21.03,4.04,2.84,6.25,11.47,29.69,27.64,33.4,33.35
16.43,15.01,17.98,12.96,2.61,1.73,76.83,0.57,16.25,20.81,3.34,3.18,9.9,11.62,28.03,26.45,33.49,33.45
9.06,14.59,18.74,11.45,2.35,0.09,68.44,0.44,3.17,19.86,6.11,3.21,7.7,11.45,27.78,25.97,33.28,33.24
15.07,16.04,21.22,12.72,1.3,0.28,68.32,0.68,23.09,24.47,2.46,2.3,11.86,12.06,26.99,26.09,34.19,34.17
12.58,15.32,21.65,11.73,1.94,0.01,70.73,0.68,23.5,24.49,2.36,2.38,11.99,12.2,26.51,25.56,34.07,34.04
12.77,16.01,21.5,12.52,2.1,0,54.81,0.51,6.8,21.51,6.21,3.04,9.03,11.94,27.94,25.27,34.53,34.47
14.64,16.04,23.34,10.99,2.6,0,57.08,0.67,20.98,22.06,2.9,2.89,11.75,11.98,26.73,25.45,34.35,34.32
6.63,16.61,21.03,13.77,1.6,0.01,58.31,0.4,4.38,22.18,5.1,2.75,7.02,11.81,29.71,26.12,34.42,34.34
9.84,16.45,20.35,14.17,1.19,0.18,63.25,0.47,4.93,18.5,6.07,3.61,8.26,11.31,29.25,26.67,33.81,33.75
11.11,14.71,17.38,13.13,1.46,0.37,74.65,0.6,15.48,17.54,4.01,3.8,10.59,11.22,27.8,26.48,33.66,33.63
9.4,14.44,17.04,12.39,1.27,0.21,73.19,0.57,15.13,19.29,3.79,3.45,10.02,11.51,27.72,26.2,33.46,33.42
11.6,14.32,18.56,10.38,1.51,0.15,70.07,0.66,20.92,22.59,2.92,2.73,11.69,12.01,26.42,25.67,33.31,33.3
13.37,14.01,19.05,10.76,2.25,2.06,61.98,0.7,24.91,25.76,2.22,2.23,12.41,12.54,25.38,24.56,33.46,33.44
10.55,13.37,20.38,8.63,1.8,0,57.84,0.71,24.78,25.7,2.42,2.43,12.65,12.82,25.4,23.76,33.35,33.31
10.61,14.59,20.59,8.95,1.71,0,53.88,0.67,20.63,23.89,3.53,2.8,12.03,12.66,26.14,24.29,33.5,33.45
13.85,15.15,20.06,11.68,2.69,0,56.38,0.6,12.07,20.8,5.43,3.3,10.77,12.16,27.17,25.34,33.5,33.46
12.36,15.32,20.03,12.22,4.48,0.5,63.09,0.63,16.38,20.25,4.21,3.53,11.48,12.19,27.75,25.69,34.15,34.1
6.96,15.49,18.48,13.23,4.31,4.85,77.99,0.56,18.46,26.37,3.37,2.07,10.09,12.53,28.58,26.75,33.39,33.34
13.58,14.25,19.92,10.08,2.53,0.16,74.61,0.71,27.52,29.52,1.78,1.56,12.94,13.09,26.01,25.22,33.34,33.32
9.31,14.27,19.77,10.68,3.3,0,66.21,0.66,21,27.94,4.43,1.92,12.02,13.12,25.99,24.85,32.89,32.87
11.8,14.99,21.36,11.14,1.99,0.01,77.3,0.68,23.01,23.73,2.63,2.71,12.46,12.68,26.88,26.09,33.88,33.86
11.27,15.68,21.16,12.09,2.7,0.71,81.02,0.65,23.35,26.58,2.55,1.99,12.07,12.81,28.04,27.18,34.12,34.1
5.39,15.52,21.35,11.91,2.73,0.01,86.07,0.61,17.7,27.01,5.18,1.97,11.42,12.9,27.67,26.95,33.23,33.21
5.2,15.88,20.74,12.51,2.94,0.02,88.11,0.51,15.28,26.2,3.98,2.12,9.53,12.86,28.87,27.23,33.46,33.42
10.86,14.83,19.82,11.43,3.48,0,77.79,0.73,29.48,30.96,1.69,1.58,13.8,13.97,25.39,24.68,33.7,33.69
13.09,12.9,18.96,7.7,4.7,0,57.36,0.74,30.09,32.11,1.73,1.57,14.1,14.34,24.69,22.89,33.35,33.31
9.07,11.95,18.75,6.62,3.1,0,55.46,0.73,29.33,31.23,1.81,1.65,13.97,14.22,24.61,22.78,33.42,33.38
13.08,12.7,17.78,9.1,2.25,0.01,70.23,0.71,27.3,28.73,2.04,1.96,13.56,13.77,25.58,24.12,33.15,33.12
6.85,13.66,16.23,11.46,2.13,0.91,76.73,0.3,3.94,24.26,4.33,3.03,5.86,13.23,29.56,25.48,32.76,32.66
13.37,14.22,18.85,11.05,1.76,0.12,69.43,0.7,26.21,27.68,2.23,2.14,13.56,13.78,26.12,25.04,33.49,33.46
11.39,13.55,18.96,9.6,2.03,0,63.92,0.69,25.1,27.09,2.63,2.32,13.42,13.77,26.02,24.72,33.1,33.07
10.93,14.92,20.98,10.9,3.37,0,66.19,0.53,6.97,25.3,7.56,2.61,10.39,13.46,27.46,26.23,33.83,33.8
11.33,16.26,23.69,12.22,3.85,0,50.35,0.65,18.93,22.24,4.36,3.52,12.92,13.65,26.34,25.56,33.84,33.82
10.34,16.58,22.72,13.34,4.55,0,57,0.63,16.05,19.61,5.25,4.23,12.62,13.3,27.1,26.41,34.22,34.21
10.09,16.17,22.03,13.16,3.01,0.01,74.97,0.66,23.13,24.9,2.94,2.8,13.41,13.94,27.07,26.58,34.55,34.54
8.89,15.88,23.55,11.18,2.03,0.01,70.81,0.69,23.72,24.73,3.17,3.02,14.04,14.23,26.58,26.1,34.45,34.44
5.46,15.26,20.47,11.98,2.19,0.01,85.47,0.63,18.63,25.03,4.81,2.94,13.01,14.15,27.31,26.3,33.71,33.69
5.41,15.28,21.93,10.73,3.3,0.53,83.05,0.58,13.44,24.2,6.08,3.11,11.98,14.04,27.82,26.82,33.94,33.91
10.99,16.74,22.32,12.69,4.41,2,80.83,0.56,17.87,27.39,4.2,2.3,11.72,14.51,29.04,27.86,33.75,33.72
8.87,15.51,19.29,11.95,2.66,0.53,76.8,0.71,28.7,31.24,2.26,1.72,14.97,15.32,26.62,26.02,33.8,33.78
10.47,14.06,18.79,9.72,3.06,5.92,79.78,0.53,11.47,31.33,6.36,1.8,11.25,15.51,28.02,25.11,34.03,33.96
8.41,13.69,15.96,11.98,4.81,4.59,70.89,0.57,17.35,28.97,4.99,2.4,12.2,15.37,27.3,25,32.49,32.44
9.52,13.01,16.3,9.96,2.14,0.08,64.6,0.54,17.81,30.72,4.6,1.93,11.58,15.59,26.52,24.27,32.58,32.53
11.16,12.01,17.15,8.51,1.58,0.03,68.26,0.65,23.07,30.72,3.97,2.08,14.17,15.85,25.68,23.85,32.73,32.69
9.2,12.63,16.03,10.25,2.42,2.45,87.28,0.43,8.28,22.35,6.03,4.01,9.34,14.65,28.6,26.1,32.57,32.51
11.2,13.31,17.12,11.44,2.77,0.26,78.5,0.53,13.48,26.24,5.95,3.17,11.66,15.46,27.44,25.28,32.62,32.57
10.18,13.6,18.24,10.01,2.6,0.02,70.83,0.69,26.9,30,2.94,2.23,15.24,16.06,25.96,25.04,33.11,33.08
9.65,13.6,20.63,8.35,3.65,0,73.66,0.72,28.7,29.86,2.62,2.45,16.17,16.34,25.39,24.63,33.73,33.72
13.82,13.69,20.88,9.3,1.86,0,61.95,0.73,28.31,29.55,2.84,2.7,16.48,16.66,24.96,23.98,33.76,33.73
10.04,12.87,18.71,8.77,1.84,0,76.4,0.72,28.33,28.94,2.78,2.75,16.44,16.57,24.95,24.17,33.81,33.79
14.24,13.82,20.25,8.43,1.98,0.07,79.58,0.7,28.46,30.58,2.56,2.13,16.07,16.56,26.44,25.51,34.06,34.04
9.52,14.73,20.97,10.6,2.37,0.03,83.09,0.71,28.86,29.27,2.55,2.54,16.53,16.66,26.47,26.03,34.13,34.12
9.99,15.48,22.79,11.07,2.45,0,58.66,0.72,27.88,28.12,2.92,3.13,16.89,17.03,25.52,24.72,34.27,34.25
14.31,15.26,22.07,10.73,2.9,0.13,63.6,0.72,27.07,27.15,3.21,3.44,16.93,17.03,25.74,25.08,33.82,33.81
8.87,14.57,19.6,11.31,2.41,0.41,81.97,0.64,24.04,29.4,4,2.63,15.11,17.02,27.05,26.1,34.14,34.12
13.44,14.01,20.71,9.31,2.42,0,76.41,0.72,30.38,31.04,2.38,2.32,17.34,17.49,25.63,25.06,34.18,34.17
12.49,15.08,23.04,10.02,2.15,0,68.51,0.72,28.77,29.22,2.9,2.95,17.53,17.64,25.69,25.02,34.38,34.36
10.53,16.57,24.32,11.96,3.2,0.58,51.51,0.49,3.95,21.46,8.86,5.42,11.86,16.89,28.2,25.64,34.45,34.39
14.92,14.53,18.73,11.73,3.31,3.63,77.59,0.58,17.01,28.6,6.05,3.18,14.25,17.65,27.82,25.76,33.34,33.29
10.81,14.94,20.72,11.59,1.55,0.03,75.06,0.62,20.31,26.09,5.61,4.18,15.47,17.63,26.79,25.76,33.79,33.77
7.73,14.6,20.9,11.45,4.19,4.26,72.67,0.31,2.04,24.76,6.21,4.29,7.83,17.43,28.33,26.21,33.23,33.17
6.92,15.19,17.87,13.3,3.35,9.11,87.37,0.53,14.93,29.5,6.24,2.79,13.32,17.84,29.23,27.18,33.77,33.72
13.63,15.9,22.15,11.33,2.19,0.1,82.13,0.7,27.14,28.03,3.54,3.41,17.78,18.1,27.3,26.94,33.64,33.63
14.1,16.16,22.42,12,2.98,0.04,73.82,0.64,19.25,27.61,6.14,3.67,16.3,18.26,27.69,26.69,33.89,33.86
11.24,15.07,19.05,12.19,3.18,0.87,84.15,0.38,11.81,29.09,4.8,3.08,9.79,18.34,29.05,26.73,33.5,33.44
14.59,14.42,19.33,10.6,3.2,0.13,79.69,0.68,24.58,32.87,5.26,2.17,17.64,19.16,26.29,25.58,34.02,34
19.31,14.83,22.01,9.25,1.9,0.03,69.41,0.67,24.38,31.14,6.32,3.14,17.72,19.33,26.05,24.92,33.8,33.77
15.13,15.24,20.71,11.21,1.55,0.12,80.13,0.69,23.69,30.96,5.85,3,18.2,19.29,26.64,25.77,33.71,33.69
13.74,15.62,20.94,12.12,1.56,1.02,82.67,0.6,22.98,31.05,4.41,2.74,16.15,19.18,28.33,26.93,33.82,33.79
20.51,14.97,19.29,12.46,1.98,1.78,76.9,0.52,14.48,25.93,8.5,4.45,13.97,18.63,28.38,26.06,32.56,32.51
10.04,13.6,17.73,10.8,3.67,12.82,78.78,0.36,5.26,29.64,6.56,3.47,9.84,19.57,28.93,25.7,32.83,32.75
17.1,13.66,17.54,11.14,2.39,1,76.83,0.58,18.98,31.84,6.43,2.78,15.92,19.9,27.3,25.55,33.09,33.05
16.5,14.62,20.05,10.02,1.91,0.08,70.98,0.7,28.5,32.22,3.77,2.77,19.25,20.17,26.41,25.76,33.71,33.69
15.46,15.87,21.88,11.22,1.76,4.6,74.43,0.69,23.83,26.59,5.21,4.45,19.14,19.77,27.9,26.7,34.6,34.57
18.64,16.08,20.57,13.09,1.53,8.69,77.65,0.67,23.8,25.28,4.79,4.95,18.78,19.62,28.86,27.27,34.7,34.66
14.58,15.05,19.62,11.67,2.12,2.09,78.97,0.57,20.09,28.97,5.62,3.94,16.11,20.18,29.55,26.82,33.83,33.76
16.16,14.48,17.95,11.71,2.4,4.56,77.18,0.56,18.44,30.75,6.14,3.75,15.97,20.54,28.77,26.26,33.74,33.67
17.04,14.77,20.06,10.72,4.6,1.12,76.2,0.61,18.2,32.36,6.6,2.96,17.46,20.93,28.45,26.33,33.42,33.37
10.03,13.74,16.53,12,6.64,16.31,81.21,0.33,4.13,32.65,6.79,3.06,9.51,21.12,29.32,25.93,33.02,32.93
12.95,14.19,16.97,11.96,6.6,15.75,80.2,0.48,13.62,34.36,7.15,2.37,13.89,21.49,29.35,25.96,32.92,32.84
14.2,15.47,18.24,13.4,6.1,5.63,80.09,0.53,14.66,33.17,7.62,2.96,15.65,21.66,29.22,26.52,33.41,33.34
8.95,15.68,18.12,13.48,6.07,24.86,88.82,0.29,2.95,29.99,6.74,3.71,8.6,21.08,30.68,27.57,33.98,33.9
12.01,16.81,20.59,14.42,4.77,7.63,86.35,0.37,5.6,30.98,7.55,3.56,11.06,21.28,30.98,28.32,34.14,34.07
20.62,16.24,19,13.94,7.05,6.73,78.51,0.62,21.07,34.84,6.59,2.45,18.7,22.32,29.78,26.63,33.42,33.34
16.12,14.06,16.51,12.26,6.56,15.42,82.07,0.45,8.35,29.24,8.53,4.71,13.62,21.79,28.58,25.92,32.55,32.48
17.12,13.94,17.7,11.64,3.17,2.13,73.65,0.6,21.22,33.03,6.97,3.69,18.26,22.6,27.52,25.21,33.04,32.98
16.78,14.44,19.44,9.36,2.44,0.02,71.36,0.71,29.41,32.3,4.63,3.54,21.87,22.41,26.13,25.66,33.56,33.55
19.1,15.89,19.85,12.48,7.07,0.98,78.45,0.54,15.87,32.76,7.21,3.49,16.71,22.57,29.49,27.01,33.71,33.64
19.68,16.02,20.25,13.28,3.88,0.29,75.05,0.61,22.64,33.13,6.92,3.51,19.12,22.9,27.94,26.47,33.97,33.93
17.32,15.92,22.08,11.96,1.84,0.01,75.94,0.65,16.92,33.09,7.85,3.43,20.3,23.1,27.54,26.28,34.07,34.04
17.45,16.88,22.5,12.95,5.45,1.26,75.27,0.46,14.21,30.28,6.03,4.03,14.37,22.46,30.14,27.69,34.46,34.4
25.11,15.62,19.67,12.9,3.96,0.25,72.73,0.72,31.97,36.64,4.53,2.43,22.91,23.89,26.68,26.01,33.93,33.92
15.52,14.05,17.23,11.25,3.26,2.06,75.51,0.48,18.49,36.14,6.36,2.64,15.38,24.04,28.15,25.44,32.88,32.82
17.14,12.82,15.38,11.12,3.87,3.5,80.72,0.48,11.38,29.59,8.84,5.37,15.34,23.32,27.57,25.26,32.5,32.45
22,13.39,16.91,10.75,2.45,0.91,73.55,0.63,23.17,34.63,7.46,3.45,20.41,24.13,26.69,25.02,33.07,33.02
21.41,13.34,18.26,9,2.11,0.4,76.15,0.73,34.13,36.5,3.65,2.72,23.69,24.4,25.55,25.1,34.24,34.23
20.76,15.08,20.87,11.36,3.08,0.06,74.07,0.75,36.25,36.54,2.71,2.82,24.63,24.72,25.69,25.53,34.23,34.23
24.55,15.29,20.97,10.58,2.79,0.04,78.33,0.71,27.46,32.41,6.19,4.17,23.29,24.29,26.36,25.76,33.69,33.67
18.14,16.94,23.74,11.82,3.1,0.01,71.54,0.74,31.64,31.61,4.44,4.66,24.38,24.47,26.3,26.11,34.54,34.54
15.95,17.67,25.48,12.02,2.83,0.01,65.82,0.76,36.72,36.57,2.88,3.09,25.5,25.56,25.88,25.68,35.23,35.22
10.81,19.52,27.94,13.2,2.35,0,56.83,0.75,34.57,34.73,3.51,3.63,25.27,25.37,27.05,26.51,35.4,35.39
10.04,18.14,23.65,14.29,3.01,0,70.88,0.67,21.29,23.3,7.52,7.57,22.48,23.28,28.56,28.06,35.28,35.27
10.26,17.33,21.84,13.78,2.93,0.11,72.38,0.61,20.28,30.19,8.21,4.98,20.58,24.35,29.24,27.69,34.93,34.89
16.86,15.55,20.74,13.47,4.21,0.78,81.76,0.46,14.68,33.18,7.56,3.77,15.65,24.73,29.96,27.17,34.37,34.3
19.58,17.21,23.33,12.07,2.7,0.41,70.67,0.66,22.93,30.68,7.61,4.73,22.46,24.62,29.08,27.51,34.95,34.9
21.53,17.02,21.43,13.98,4.94,0.12,77.49,0.57,22.58,36.04,7.37,3.04,19.69,25.55,28.95,27.43,34.87,34.83
17.71,16.35,21.94,11.63,2.23,0.07,77.14,0.61,22.34,34.2,7.91,3.78,21.04,25.53,28.35,26.94,34.89,34.85
24.14,16.91,22.65,12.22,2.24,0,72.4,0.64,22.25,32.62,7.77,4.21,22.31,25.19,27.94,27.31,35.32,35.3
23.65,18.12,24.29,13.33,2.61,0.06,73.6,0.7,29.81,31.14,4.94,4.73,24.61,25.02,28.3,28.08,34.96,34.95
20.99,21.89,32.64,14.65,2.44,0.18,62.88,0.69,26.78,29.55,5.99,5.3,24.39,25.16,29.69,29.08,36.02,36
12.16,20.86,29.78,16.77,3.31,1.15,68.06,0.28,0.22,11.66,8.06,13.38,9.77,21.76,32.25,30.12,35.27,35.22
16.85,19.48,23.33,16.99,2.4,0.15,76.77,0.34,0.54,8.18,9.78,13.61,12.16,20,32.78,31.45,34.81,34.77
16.98,19.65,25.15,16.36,1.5,1.08,78.38,0.44,1.44,15.11,12.4,11.57,15.59,22.65,32.53,30.71,35.85,35.8
17.41,18.43,22.97,15.97,2.19,2.38,79.21,0.58,14.05,27.97,10.11,6.04,20.68,25.3,30.86,29.17,35.3,35.26
15.46,17.05,20.35,14.19,2.75,6.15,83.57,0.49,10.85,28.68,9.96,6.22,17.71,25.52,30.62,28.27,35.1,35.04
19.42,17.14,21.71,14.02,3.43,1.87,80.65,0.52,14.65,30.31,9.53,6.27,18.73,26.16,29.9,27.56,34.48,34.42
17.51,15.91,19.2,12.9,4.05,1.86,76.81,0.51,13.17,34.67,10.53,4.49,18.51,26.85,29.6,26.65,34.07,33.99
15.9,15.19,19.29,12.23,2.69,0.05,69.22,0.69,31.97,38.55,5.66,2.84,25.07,27.51,26.77,25.76,35.1,35.07
16.34,16.61,23.13,11.01,3.21,0,69.63,0.67,23.61,37.07,9.31,3.46,24.68,27.59,27.17,26.23,34.74,34.72
15,17.92,22.58,15.28,2.58,0.05,76.15,0.59,11.75,23.36,11.69,8.9,21.7,25.39,29.82,28.13,34.81,34.77
15.72,16.42,19.9,13.3,3.14,0.36,75.81,0.49,14.93,31.32,9.08,5.84,18,26.92,29.74,27.07,33.79,33.72
16.26,14.96,19.06,11.97,2.75,0.03,68.28,0.64,30.55,39.95,5.85,2.67,23.73,28.39,26.88,25.37,34.26,34.22
18.01,15.87,21.4,11.14,3.52,0,73.11,0.72,34.54,37.3,4.31,3.63,26.88,28,26.53,25.93,35,34.98
16.92,16.83,22.05,12.17,3.25,0.03,77.87,0.71,33.59,37.81,4.33,3.34,26.51,28.09,27.53,26.75,35.69,35.67
16.78,18.93,25.52,14.08,3.39,0.01,74.86,0.69,24.98,26.5,7.42,8,26.03,26.75,28.66,28.22,35.88,35.87
17.21,21.75,29.46,16.58,1.86,0.09,67.55,0.64,20.57,25.08,8.58,8.34,24.21,26.33,31.19,29.95,37.17,37.14
16.88,19.44,24.64,15.89,2.71,1.38,78.64,0.6,18.72,25.08,8.32,8.26,22.73,26.22,32.45,29.51,36.77,36.69
15.75,18.46,24,14.94,2.91,0.02,81.62,0.58,20.53,31.86,7.43,5.58,21.84,27.46,31.27,28.79,36.9,36.84
20.18,19.33,26.42,13.2,2.85,0,73.32,0.74,33.18,32.94,4.84,5.51,28.08,28.14,28.33,27.89,36.75,36.74
20.99,20.39,27.33,15.34,2.27,0,70.35,0.7,27.15,29.17,6.99,6.85,26.74,27.54,29.16,28.58,36.98,36.96
19.02,17.86,22.82,14.59,3.35,0.01,76.32,0.58,20.06,31.05,7.77,6.01,22.43,27.67,30.44,27.99,37.23,37.16
19.53,17.35,21.72,14.45,3.54,0.05,69.68,0.5,16.79,37.42,8.71,3.51,19.11,28.69,30.68,27.45,35.17,35.08
26.47,18.52,24.85,13.4,2.74,0,66.21,0.73,34.14,33.79,4.71,5.34,28.32,28.41,28.03,27.74,36.39,36.38
25.49,18.62,24.15,14.01,4.52,0,68.38,0.66,29.41,36.94,6.9,3.8,25.59,28.63,29.2,28.22,36.45,36.43
27.36,17.97,22.62,13.46,3.35,0.01,76.13,0.66,29.3,33.36,6.49,5.34,25.55,28.22,28.86,27.95,35.84,35.82
16.89,18,22.15,15.19,2.83,0.02,72.87,0.61,22.15,34.14,9.36,5.08,23.57,28.61,29.11,27.58,35.12,35.09
13.49,18.07,22.47,15.28,2.25,0,68.34,0.73,33.68,35.67,5.3,4.5,28.28,28.91,27.63,27.16,35.71,35.7
15.29,17.79,21.61,14.55,2.77,0.01,73.25,0.6,14.91,34.31,12.3,5.05,23.57,28.65,28.99,27.4,35.7,35.66
17.69,18.21,23.49,15.09,2.35,0.04,72.04,0.72,33.39,34.08,4.79,5.07,28.38,28.64,28.28,27.82,36.65,36.64
19.04,18.78,23.53,14.63,2.74,0.1,73.03,0.49,17.81,34.08,8.85,5.2,19.37,28.65,30.1,28.27,36.86,36.81
21.97,18.88,24.23,14.76,2.82,0.01,73.06,0.67,24.34,32.87,9.56,5.88,26.29,28.7,29.13,27.97,35.89,35.86
17.29,18.93,24.05,15.97,2.51,0.02,71.37,0.71,31.51,33.97,6.27,5.39,28.25,29.04,28.54,28.04,36.61,36.59
13.32,18.33,21.64,15.6,2.18,0.73,72.92,0.57,18.72,34.44,9.56,5.05,22.72,28.85,30.22,28.42,35.94,35.89
17.93,18.13,23.11,14.1,2.91,0,68.35,0.73,34.58,35.64,4.67,4.66,28.96,29.21,28.23,28.01,36.44,36.43
15.53,17.29,20.36,14.45,2.98,0.06,68.98,0.59,18.78,29.3,8.79,7.33,23.48,28.39,29.41,27.41,36.66,36.61
15.95,17.89,22.2,14.33,2.81,0.26,68.86,0.67,28.12,36.56,7.73,4.32,26.8,29.66,28.6,27.31,36.05,36.02
18.92,17.4,22.07,13.96,2.96,0.04,71.73,0.69,34.14,39.3,5.3,3.75,27.63,30.18,27.71,26.89,35.76,35.74
16.69,18.06,24.63,11.99,2.9,0,64.28,0.71,32.78,39.12,9.18,3.94,28.58,30.47,27.47,26.47,35.63,35.61
16.9,19.79,26.21,15.1,2.6,0,74.36,0.7,27.88,28.23,7.16,7.98,28.19,28.34,28.91,28.7,36.87,36.86
14.04,18.72,23.06,16.07,2.8,0,77.82,0.64,19,21.61,9.91,10.76,25.77,27.2,29.97,29.19,37.19,37.17
18.15,18.98,22.55,16.02,3.86,0,74.63,0.69,25.74,28.2,8.08,8.02,27.67,28.59,29.44,28.91,36.91,36.9
19.86,19.96,25.12,15.29,3.46,0,73.15,0.73,33.32,33.08,5.56,6.07,29.46,29.52,28.74,28.62,36.61,36.6
17.96,20.26,25.93,15.5,2.45,0.02,74.98,0.69,26.98,32.38,8.01,6.27,27.97,29.36,29.85,28.99,37.02,37
18.67,20.62,25.71,16.97,2.55,0.04,79.41,0.63,24.58,33.44,8.12,5.7,25.52,29.26,31.13,29.64,37.55,37.51
19.58,19.4,24.21,14.97,2.97,0.02,78.08,0.54,17.99,34.78,8.92,5.21,21.94,29.64,31.29,28.59,38.77,38.71
25.24,21.61,28.73,15.51,3.34,0.01,70.72,0.73,35.73,35.67,4.53,4.92,29.8,29.89,29.62,29.29,38.53,38.52
22.19,21.93,27.95,17.63,2.39,0,60.48,0.7,29.37,31.3,7.06,6.7,28.54,29.01,29.41,29.13,37.46,37.46
26.7,23.7,29.98,17.89,2.35,0.13,63.21,0.63,19.15,21.88,10.6,10.57,25.83,26.81,31.86,31.2,37.22,37.2
24.59,24.22,30.28,19.08,2.47,0.09,65.03,0.65,20.04,21.95,10.46,10.74,26.71,27.36,32.63,31.79,38.73,38.71
15.59,26.33,33.42,20.86,3.05,1.48,56.69,0.61,17.23,22.08,10.82,10.81,24.93,27.66,34.07,33.1,39.93,39.91
24.93,30.24,37.6,24.14,3.96,0.32,40.71,0.51,8.14,18.65,12.67,12.47,21.05,27.01,36.16,34.14,40.83,40.78
24.28,27.39,32.65,22.54,3.06,0,50.55,0.54,13.94,22.97,10.65,10.59,22.24,28.01,34.75,32.85,40.29,40.24
25.77,24.53,31.56,19.85,2.56,0,65.98,,,,,,25.55,,34.32,,,
19.78,22.52,29.28,18,3.12,0,68.96,,,,,,28.5,29.05,32.99,29.46,,
17.17,21.06,26.49,17.13,3.93,0,71.37,,,,,,28.52,29.64,32.2,27.58,,
17.53,19.63,23.38,16.68,3.66,0.01,68.4,,,,,,28.46,29.05,30.86,28.09,,
25.48,19.57,23.96,16.21,3.58,0,68.83,,,,,,28.71,29.3,28.95,27.67,,
26.5,21,26.14,16.81,3.41,0,72.75,,,,,,28.46,28.87,30.36,29.72,,
25.68,21.89,27.54,17.02,2.67,0,71.2,,,,,,28.25,,33.37,,,
21.36,23.98,31.8,18.28,3.17,0,65.09,,,,,,26.65,,34.11,,,
26.96,25.04,32.24,19.94,2.52,0,65.64,,,,,,28.79,,32.44,31.71,,
24.27,23.19,28.55,19.11,2.9,0,66.73,,,,,,21.91,,33.68,31.43,,
16.74,21.58,25.46,18.55,2.97,0.05,73.89,,,,,,23.5,,34.48,,,
23.1,20.93,25.07,17.99,3.11,0,69.03,,,,,,29.22,29.32,30.9,29.05,,
22.62,21.42,25.81,18.08,3.72,0,71.99,,,,,,29.14,29.33,30.89,28.82,,
25.94,21.42,26.08,17.71,3.52,0,75.41,,,,,,28.47,,32.02,,,
20.79,22.27,26.6,18.75,3.48,0,76.83,,,,,,23.46,,33.54,,,
24.28,23.23,29.73,18.85,3.24,0.03,71.82,,,,,,28.22,28.64,32.65,32.08,,
20.63,24.7,30.83,19.24,2.14,0.03,67.9,,,,,,27.58,,33.79,,,
21.22,26.73,32.82,22.74,2.02,0.02,60.12,,,,,,27.64,,34.77,,,
18.86,27.83,30.69,24.81,2.93,0.02,50.46,,,,,,11.71,,36.15,,,
28.4,29.85,38.4,25.84,2.59,0.02,48.94,,,,,,28.67,28.83,33.81,33.33,,
25.38,26.67,33.52,21.71,2.83,0,65.39,,,,,,28.35,28.75,33.52,32.7,,
26.93,23.4,28.16,20.07,3.23,0,71.37,,,,,,27.84,,33.81,,,
24.27,22.5,27.41,19.56,3.02,0.01,75.31,,,,,,27.93,28.73,34.71,31.93,,
22.58,22.24,26.94,19.41,3.38,0.01,72.9,,,,,,28.46,28.69,33.42,31.27,,
22.58,21.72,25.75,19.03,3.44,0.03,71.94,,,,,,28.6,28.84,31.58,30.55,,
22.8,21.97,26.28,18.06,4.34,0.1,68.71,,,,,,28.67,29.07,31.24,30.18,,
29.02,25.05,30.72,19.06,4.01,0.61,63.4,,,,,,28.44,28.86,32.81,31.91,,
22.42,29.71,36.64,23.41,3.24,0.02,48.93,,,,,,23.6,,35.76,,,
27.23,32.62,39.62,26.46,3.27,0,39.99,,,,,,28.66,28.9,34.66,34.19,,
26.68,32.77,38.89,28.3,1.97,0.01,30.91,,,,,,28.85,29.21,33.49,33.09,,
26.21,30.68,37.62,25.55,2,0,41.21,,,,,,28.77,29.13,33.8,32.88,,
26.29,26.55,33.83,21.66,2.41,0.29,68.29,,,,,,28.28,28.61,33.61,32.77,,
27.29,25.75,31.48,21.78,3.09,0.08,72.01,,,,,,28.34,28.64,33.87,31.87,,
20.91,24.21,30.27,20.31,2.24,0.06,73.3,,,,,,28.49,,34.18,,,
27.44,22.81,29.26,18.81,2.41,0.09,73.18,,,,,,29.24,29.36,32.83,29.1,,
24.9,22.98,28.35,20.04,2.65,0.33,72.26,,,,,,28.84,29.09,33.03,29.37,,
25.92,22.73,28.45,19.21,2.52,0.2,72.71,,,,,,26.98,28.84,34.31,29.79,,
23.31,23.45,28.76,20.03,2.3,0.11,73.91,,,,,,,,35.18,,,
24.07,23.33,28.43,19.53,2.18,0.25,74.51,,,,,,27.27,28.41,34.44,31.7,,
15.82,24.46,31.33,21.11,3.11,1.29,74.83,,,,,,25.36,,36.15,,,
14.43,22.74,26.67,20.03,3.16,0.16,79.14,,,,,,27.41,28.19,34.83,31.6,,
21.48,21.81,25.95,18.99,3.07,0.25,70.88,,,,,,28.48,28.8,31.91,29.01,,
20.68,21.71,26.49,17.83,2.77,0.12,68.42,,,,,,27.86,28.67,31.82,28.89,,
15.66,22.19,26.36,18.55,3.83,0.04,73.31,,,,,,25.72,28.3,33.22,30.12,,
24.36,23.98,30.3,19.21,2.73,0,72.1,,,,,,28.15,28.3,31.53,30.88,,
23.71,26.43,34.07,19.82,2.39,0,68.9,,,,,,27.96,,32.64,32.28,,
26.66,27.29,34.67,22.05,2.56,0.03,62.2,,,,,,28.33,28.33,32.06,32,,
26.81,25.86,32.48,20.73,2.66,0.04,66.72,,,,,,27.91,28.32,31.73,31.48,,
27.26,23.98,29.25,20.05,3.36,0,71.31,,,,,,27.55,,32.35,31.47,,
26.6,23.13,27.72,19.59,4.01,0.01,73.07,,,,,,28.03,28.14,31.61,30.25,,
23.11,22.9,27.63,19.04,4.22,0,72,,,,,,27.74,27.83,31.88,30.72,,
21.21,22.63,26.47,19.92,4.33,0.15,70.49,,,,,,27.69,27.79,32.39,30.81,,
24.91,22.73,28.35,18.64,2.97,0,68.36,,,,,,27.61,27.98,30.68,30.09,,
23.36,22.73,27.73,18.61,3.25,0.01,73.2,,,,,,27.41,27.77,31.38,30.54,,
21.69,22.84,27.77,19.17,2.73,0,71.01,,,,,,27.12,,33,,,
22.23,25.28,33.2,18.96,2.99,0.04,70.74,,,,,,27.6,27.8,32.4,31.77,,
24.65,25.28,31.58,21.11,2.51,0.19,76.21,,,,,,27.47,27.66,32.91,31.95,,
23.35,25.44,31.87,20.83,1.7,0.13,75.41,,,,,,27.02,27.56,34.53,32.02,,
26.83,25.07,32.43,20.29,2.11,0.1,70.22,,,,,,,,36.23,,,
25.34,23.38,28.85,18.33,2.34,0.04,71.11,,,,,,27.96,28.06,32.81,29.29,,
23.08,24.03,30.29,19.38,2.03,0.08,74.59,,,,,,27.43,27.58,33.21,30.75,,
25.81,24.75,31.17,19.63,2.16,0.04,70.61,,,,,,27.68,27.83,32.65,30.39,,
,25.24,32.24,20.01,2.24,0.17,74.21,,,,,,27.57,27.79,33.38,31.41,,
